Player;Pos;Squad;Age;Born;MP;Min;Goals;Shots;SoT;ShoDist;PasTotCmp%;PasShoCmp%;PasMedCmp%;PasLonCmp%;PasAss;PPA;PasAtt;CK;SCA;GCA;Tkl;Blocks;Int;Clr;Err;Touches;ToAtt;Carries;CPA;Rec;CrdY;CrdR;Off;Crs;Recov
Francesco Acerbi;DF;Inter;35;1988;14;1110;0;0.49;0;17.8;87.7;92.1;90.1;74;0.49;0.24;58.9;0;0.98;0;1.3;0.57;0.98;3.33;0;67.2;0.16;36.7;0.08;44.2;0.24;0;0.08;0.24;4.96
Karim Adeyemi;FWMF;Dortmund;21;2002;15;765;2;2.24;0.94;17.9;73.6;83;78.3;40;1.41;1.29;32.9;0.59;3.65;0.59;1.18;1.18;0.71;0.12;0;48.1;5.41;31.3;0.94;33.5;0.59;0;0;1.76;4.94
Manuel Akanji;DF;Manchester City;27;1995;15;1286;0;0.77;0.14;16.4;94.2;97.2;96.2;74.7;0.28;0.07;80.9;0;1.26;0;1.54;1.33;0.77;1.19;0;88.6;0.28;63.6;0;69.2;0.07;0;0;0.21;5.38
Nathan Ake;DF;Manchester City;27;1995;15;1156;0;0.31;0;10.5;91.5;95;93.7;67.6;0.39;0.39;92;0;1.17;0.16;1.25;1.02;1.02;1.64;0;98.4;0.23;63.8;0.16;76.2;0;0;0.08;0.39;5
David Alaba;DF;Real Madrid;30;1992;17;1365;1;0.59;0.07;20.7;8.83E+01;95.8;88.9;57.7;0.99;0.46;56.8;0.13;1.58;0.26;0.66;0.79;0.72;1.64;0.07;61.8;0.13;38;0.07;44.6;0.2;0;0;1.25;4.67
Marc Albrighton;FWMF;Leicester City;33;1989;6;237;1;0.77;0.38;8;60.4;80.3;67.6;35.3;2.31;1.92;57.3;2.69;3.08;0;1.54;2.31;0.38;1.92;0;66.9;0.38;31.9;0;44.6;0;0;0.38;10.8;5.38
Thiago Alcantara;MF;Liverpool;31;1991;14;1154;0;0.7;0.08;25.2;85.9;92.7;87.9;79.1;1.33;1.48;76.6;0;3.05;0.16;3.2;1.09;1.41;0.94;0.16;87.7;2.19;49.5;0;62.7;0.16;0;0;0.08;8.13
Trent Alexander-Arnold;DF;Liverpool;24;1998;20;1441;1;1.31;0.19;22.5;73.1;89;76.5;48.2;2.25;3.06;88.9;3.31;4;0.31;1.44;0.75;1.38;1.13;0;97.5;0.69;52.4;0.31;61.1;0.19;0;0.19;8.56;7.56
Mohamed Ali Cho;FW;Real Sociedad;19;2004;8;317;0;3.14;1.43;19.3;63;88.6;43.5;25;1.43;1.43;20.9;0;3.14;0.57;1.43;1.71;0.57;0.57;0;39.7;6.29;27.7;2;27.1;0.29;0;0.57;4.29;5.14
Alisson;GK;Liverpool;30;1992;20;1800;0;0;0;0;85.7;100;97.9;61.3;0.05;0;37.1;0;0.1;0.05;0;0.1;0;0.6;0;39.5;0;24.6;0;21.6;0;0;0;0;1.85
Julián Álvarez;FWMF;Manchester City;23;2000;16;578;4;2.97;1.25;15.6;79;86;76.1;63.6;0.94;0.63;31.3;0;2.81;0;1.56;1.25;0;0.16;0;40.9;1.72;23.4;1.41;31.1;0;0;0.16;1.25;2.19
Daniel Amartey;DF;Leicester City;28;1994;17;1365;0;0.2;0.13;25.2;91.5;94.1;94.8;69;0.33;0.07;62.8;0;0.92;0.07;1.12;1.25;0.53;3.82;0;71.8;0.33;43.7;0;52.1;0.07;0;0;0;5.53
Antony;FW;Manchester Utd;22;2000;12;908;3;3.27;1.39;20.4;77.2;86.6;70.2;48;0.79;0.79;40.9;0.1;2.97;0.1;1.39;0.79;0.4;0.3;0;52.6;3.07;37.8;1.39;40;0.3;0;0.2;1.78;4.95
Kepa Arrizabalaga;GK;Chelsea;28;1994;14;1215;0;0;0;0;85.6;98.9;99.4;56.3;0;0;37.5;0;0.07;0;0.15;0;0;0.59;0;40.4;0;23.6;0;21.5;0;0;0;0;1.63
Marco Asensio;FWMF;Real Madrid;27;1996;15;500;2;3.75;1.07;22.3;81.4;92;87.3;56.8;2.86;1.25;48.9;2.5;4.11;0.71;1.43;0.54;0.36;0.36;0;58.9;1.07;37.9;0.54;45;0.18;0;0;5.54;2.5
Kristjan Asllani;MF;Inter;20;2002;12;295;0;1.82;0;29;86.7;96.9;93.2;63.8;0.61;0.3;68.5;1.52;2.12;0;2.12;0.61;0.3;0.91;0;77;0.91;49.7;0.3;57.9;0.61;0;0;2.42;7.27
Pierre-Emerick Aubameyang;FW;Chelsea;33;1989;11;433;1;2.08;1.04;15.3;70.9;75.9;81;66.7;0.63;0.42;17.9;0;1.25;0;0.21;0.21;0.42;0.83;0.42;25.8;1.04;15.8;0.63;19;0.21;0;0;0.63;2.08
Cesar Azpilicueta;DF;Chelsea;33;1989;18;1023;0;0.44;0.09;20.5;80.6;92.3;81.2;23.6;0.79;1.23;67.7;0;1.49;0.09;2.28;1.67;1.23;3.6;0;78.6;0.79;37.3;0;47.5;0.26;0;0.09;1.49;3.86
Benoît Badiashile;DF;Chelsea;21;2001;4;360;0;1;0.25;7.8;91.6;91.1;94.4;77.1;0.5;0.75;89;0;2;0;1.5;0.25;1;5.5;0;99.5;0.25;65.5;0;74.5;0.25;0;0;0;5.5
Eric Bailly;DF;Marseille;28;1994;7;351;0;0.51;0;15.3;83.9;85.2;85.5;82.4;0;0;43.1;0;0.51;0;1.79;2.05;2.31;2.31;0;55.6;0.77;31.5;0;28.7;0.26;0;0;0;5.64
Stefan Bajcetic;MF;Liverpool;18;2004;5;194;1;0.91;0.45;13.1;79.8;84.7;78.6;58.3;0.91;0.91;47.3;0;3.64;0.45;1.36;1.36;1.82;0.91;0;60;3.64;30.9;0;36.8;0.45;0;0;1.82;8.64
Cedric Bakambu;MF;Marseille;31;1991;3;59;0;0;0;0;82.6;92.3;80;100;2.86;0;32.9;0;2.86;1.43;2.86;0;0;0;0;47.1;2.86;31.4;1.43;28.6;0;0;0;1.43;7.14
Leonardo Balerdi;DF;Marseille;24;1999;23;1765;0;0.15;0;7.7;85.4;88.2;88.7;75.6;0.15;0.1;55.6;0;0.26;0.05;1.63;1.53;1.99;3.06;0;65.8;0.46;47.8;0;42.5;0.2;0;0;0.31;6.38
Nicolo Barella;MF;Inter;26;1997;20;1609;5;0.95;0.45;19.8;80.7;89.2;84.7;48.3;1.51;1.68;52.3;0.17;3.74;0.5;1.34;1.01;0.39;0.34;0;61.5;2.01;41.2;0.39;46.4;0.22;0;0.28;2.68;5.92
Harvey Barnes;MFFW;Leicester City;25;1997;20;1696;8;2.5;1.22;16.1;71;78.9;66.9;51.9;0.59;1.12;25.9;0;1.97;0.53;0.85;0.96;0.27;0.32;0;38.6;2.93;24.7;1.6;30.9;0.05;0;0.27;1.22;3.03
Ander Barrenetxea;FWDF;Real Sociedad;21;2001;7;191;1;0.95;0.95;11.1;76.1;85.7;87.5;66.7;0;0;31.9;0.48;0.48;0;2.86;1.43;0.95;0.95;0;50;4.76;20;0.48;26.2;0.95;0;0;0;9.52
Pablo Barrios;MF;Atletico Madrid;19;2003;5;269;0;1.67;0.67;22.9;84.8;89.4;86.3;78.6;0.67;0.33;61.3;0;3;0;2.33;0.67;1.33;0.67;0;74.3;3;45.7;0.33;58.3;0.33;0;0;1;5.33
Alessandro Bastoni;DF;Inter;23;1999;17;1267;0;0.71;0.21;13.5;83.5;90.4;90;63.5;0.64;1.13;69.9;0;2.41;0.28;1.77;0.99;1.21;1.99;0;77.7;0.57;47.3;0.14;54.5;0.14;0;0.07;1.42;4.82
Donny van de Beek;MF;Manchester Utd;25;1997;7;167;0;1.05;0;10.1;75.4;91.2;100;50;1.58;2.11;32.1;0.53;3.16;0;0;1.05;0.53;0.53;0;37.9;1.05;20.5;0;27.9;0;0;0.53;0;1.58
Raoul Bellanova;DFMF;Inter;22;2000;10;159;0;1.11;0;8.4;74.8;87;70;57.1;0.56;0.56;63.9;0;2.22;0;2.78;1.11;1.67;2.78;0;79.4;2.22;47.2;0;49.4;0;0;0;7.78;3.89
Jude Bellingham;MF;Dortmund;19;2003;19;1690;4;2.07;0.74;16.8;80.9;85.6;86.1;69.4;1.06;1.49;54.6;0;3.88;0.53;2.93;2.02;1.28;1.06;0;71.2;4.95;45;0.9;52.5;0.27;0;0.05;1.01;7.71
Salim Ben Seghir;MF;Marseille;19;2003;1;4;0;0;0;0;100;100;0;0;0;0;2;0;0;0;0;1;0;0;0;4;0;3;0;3;0;0;0;0;2
Rodrigo Bentancur;MF;Tottenham;25;1997;18;1500;5;0.9;0.54;15.8;8.38E+01;89.1;89.6;55.7;0.66;0.54;52.6;0.06;2.04;0.3;2.69;1.68;1.2;1.32;0;64;1.98;34.6;0.06;43.7;0.48;0;0;0.96;7.66
Karim Benzema;FW;Real Madrid;35;1987;12;1046;9;4.05;1.38;16.2;85.4;90.2;92.5;75;2.5;1.9;47.8;0.52;4.66;0.26;0.52;0.69;0.09;0.17;0;57.3;1.72;36;1.29;48.2;0.09;0;1.29;0.09;1.98
Juan Bernat;DF;Paris S-G;29;1993;17;994;1;0.45;0.36;11.7;92.8;94.4;92.8;75;1.27;0.45;57.2;0;2;0.27;2;0.64;0.45;1;0;64.5;2;49;0.73;47;0.09;0;0;0.64;5.09
Victor Bernth Kristiansen;DF;Leicester City;20;2002;2;170;0;0.53;0;10.7;65.6;86;59.4;42.9;1.05;0.53;50.5;1.58;3.16;1.05;6.32;0.53;0;4.21;0;63.7;2.63;29.5;0;28.9;0;0;0;2.63;4.74
Yves Bissouma;MF;Tottenham;26;1996;20;814;0;0.56;0;26.2;90;94.7;92.4;75.8;0.89;0.44;63.4;0;2.78;0.11;1.33;1.33;1;0.78;0;71;0.78;41.2;0;51.7;0.56;0;0.11;0.22;6.56
Ruben Blanco;GK;Marseille;27;1995;4;360;0;0;0;0;78.4;100;98.5;44.8;0;0;38.3;0;0.25;0;0;0;0;0;0;40;0;29.5;0;21;0;0;0;0;1.5
Daley Blind;MFDF;Bayern Munich;32;1990;2;37;0;2.5;2.5;24.8;9.52E+01;100;92.9;100;2.5;2.5;52.5;0;5;0;0;0;0;10;0;67.5;0;27.5;0;40;0;0;0;0;5
Leonardo Bonucci;DF;Juventus;35;1987;9;600;1;0.3;0.15;15.1;85.2;92.1;90.8;65.3;0.3;0.45;52.4;0;0.9;0.15;0.45;1.19;1.19;3.28;0;60.1;0.15;32.7;0;40.1;0.15;0;0.15;0;5.37
Julian Brandt;MFFW;Dortmund;26;1996;20;1495;6;1.33;0.66;18.2;75.5;87.7;74.8;52.5;2.83;1.39;51.4;4.4;5;0.6;1.08;0.66;0.6;0.12;0.06;61.4;2.95;36.5;0.9;44.2;0.06;0;0.3;6.45;5.3
Gleison Bremer;DF;Juventus;25;1997;18;1574;1;0.97;0.11;9.7;89.5;94.4;93.2;70.3;0.29;0.06;57.9;0;0.86;0;0.97;1.77;1.6;4.23;0.11;69.8;0.29;38.4;0;45.4;0.23;0;0.06;0;5.94
Armando Broja;FW;Chelsea;21;2001;12;294;1;1.82;1.52;11;62.3;63.6;60;66.7;0.3;0.3;16.1;0;1.21;0.61;1.21;3.03;0.3;0.3;0;33.3;4.24;16.1;1.21;21.5;0;0;0.91;0;4.55
Marcelo Brozovic;MF;Inter;30;1992;11;641;2;1.55;0.56;21.4;86.6;90.6;89.9;68.5;0.56;0.42;69.2;0.85;1.97;0.14;1.41;1.41;1.69;1.41;0;79.6;1.27;49.9;0.28;57;0.7;0;0;0.99;6.2
Lewis Brunt;DF;Leicester City;22;2000;1;23;0;0;0;0;81;87.5;90.9;0;0;0;70;0;0;0;0;0;0;6.67;0;76.7;0;30;0;43.3;0;0;0;0;3.33
Bryan;MFFW;Tottenham;22;2001;4;148;0;1.25;0.63;19.4;78.3;81.3;87.5;50;1.25;1.25;37.5;0;3.13;1.88;1.88;1.88;0.63;0.63;0;50;3.13;34.4;0;38.1;0.63;0;0.63;1.25;1.88
Jamie Bynoe-Gittens;FWMF;Dortmund;18;2004;9;285;3;4.38;2.5;17.6;79.1;83.6;89.5;20;0.31;0.94;26.9;0;3.75;1.88;1.56;0;0;0;0;44.7;7.19;32.8;3.44;36.6;0;0;0;0.94;2.5
Duje ?aleta-Car;DF;Marseille;26;1996;1;8;0;0;0;0;100;0;100;0;0;0;20;0;0;0;0;0;0;10;0;30;0;20;0;20;0;0;0;0;0
Hakan calhanodlu;MF;Inter;29;1994;20;1527;2;1.65;0.41;26.2;83.4;91.3;88.2;62.4;2.59;1.29;58.1;3.35;4.35;0.47;2.06;1.29;1.12;0.47;0.06;68.2;0.76;38.9;0.12;44.4;0.12;0;0.06;5.18;7.47
Eduardo Camavinga;MFDF;Real Madrid;20;2002;20;914;0;1.18;0.1;23.6;90.8;92.5;94;79.6;1.27;0.78;62.7;0;4.51;0.29;2.94;1.27;0.88;1.27;0;75.6;3.33;51.4;0.39;56.9;0.29;0;0.29;0.49;6.18
Emre Can;MF;Dortmund;29;1994;14;730;0;0.62;0;17.3;89.1;91.8;94.9;71.4;0.62;0;62.2;0;1.36;0;3.33;0.86;1.23;2.22;0;74.2;1.11;44.3;0.12;49.6;0.49;0;0;0;8.02
Joao Cancelo;DF;Manchester City;28;1994;17;1274;2;1.2;0.21;22.7;84.9;93.1;84.4;65.9;0.85;2.54;85.9;0;2.75;0.42;2.04;0.49;1.34;0.63;0.07;96;4.08;58.9;1.48;71.8;0.21;0.07;0.28;3.17;5.63
Joao Cancelo;DFFW;Bayern Munich;28;1994;2;136;0;0.67;0;7.9;78.3;89.5;78.8;45.5;2.67;2;70.7;0;3.33;0.67;2.67;2;1.33;3.33;0;86.7;6.67;43.3;0.67;56.7;0;0;1.33;3.33;6
Valentin Carboni;MFFW;Inter;17;2005;2;5;0;0;0;0;62.5;100;50;100;0;0;80;0;0;0;0;10;0;0;0;90;0;70;0;60;0;0;0;0;20
Yannick Carrasco;DFMF;Atletico Madrid;29;1993;18;969;1;2.59;0.83;17.1;79.7;92.6;78.4;45.2;1.85;1.2;43;2.13;3.52;0;1.76;0.93;0.37;0.83;0;55.7;3.8;31.2;2.22;35;0.09;0;0.19;3.7;4.63
Dani Carvajal;DF;Real Madrid;31;1992;15;1076;0;0.5;0;23.7;84.9;90;87.6;69.2;0.75;0.92;62.4;0;1.75;0.08;1.92;1.33;1;2.08;0;71.5;0.83;41.4;0;48.5;0.25;0;0.25;2.25;5.75
Fabio Carvalho;MFFW;Liverpool;20;2002;11;337;2;2.97;1.08;11.5;82.2;86.1;82.9;83.3;0.27;0.54;36.5;0;2.43;0.54;2.16;1.62;1.35;0;0;49.5;1.35;31.1;0.54;36.8;0;0;0;0.54;4.86
Casemiro;MF;Manchester Utd;30;1992;17;1230;2;1.24;0.36;22.5;77.7;83.6;82.3;60.5;1.17;1.02;62.4;0;3.14;0.44;4.09;2.04;1.61;2.77;0;76.9;0.88;36.7;0;48.7;0.36;0.07;0;0.88;7.81
Casemiro;MF;Real Madrid;30;1992;1;8;0;0;0;0;87.5;100;0;50;0;0;80;0;0;0;0;0;0;10;0;110;0;70;0;70;0;0;0;0;10
Timothy Castagne;DF;Leicester City;27;1995;21;1821;1;0.54;0.15;8.8;80.1;88.3;79.4;53.8;0.59;0.74;54.9;0;1.39;0.15;2.57;1.39;0.94;2.77;0;65.6;0.64;30.2;0.1;39.5;0.1;0;0.2;2.13;4.95
Dani Ceballos;MF;Real Madrid;26;1996;13;566;0;0.95;0.32;23.8;91.6;93.8;95.1;87;2.22;0.95;85.2;0.63;5.08;0.63;2.22;1.43;2.06;0.79;0;97.3;3.33;68.9;0.32;77;0.32;0;0;0.79;7.14
El Chadaille Bitshiabu;DF;Paris S-G;17;2005;5;213;0;0;0;0;93.2;96.1;92.6;81.3;0;0;80;0;0;0;2.92;2.08;2.08;1.67;0.42;90.8;0;71.7;0;63.3;0.42;0;0;0;11.3
Trevoh Chalobah;DF;Chelsea;23;1999;12;971;0;0.46;0.09;11.1;88.8;88.7;94;70.5;0.09;0.09;59.3;0;0.46;0.09;1.48;0.74;1.2;3.15;0.09;68.8;0.37;41.4;0;47.2;0.28;0;0;0.19;4.81
Federico Chiesa;DFFW;Juventus;25;1997;7;241;0;1.85;0;15.9;74.1;84.9;72.1;50;1.85;1.11;41.5;1.11;3.33;0.74;2.96;0.74;0;0.37;0;53.3;3.7;28.5;1.85;33;0.37;0;0.37;4.07;6.3
Ben Chilwell;DFMF;Chelsea;26;1996;11;450;1;0.6;0.2;15.3;78.1;91.8;78.1;36.1;0.6;0.6;66.8;1.8;1.8;0.6;1.8;0.8;1.2;2;0;77.8;1.2;39.4;0.4;49.2;0.2;0;0;3.6;4.4
Carney Chukwuemeka;MFFW;Chelsea;19;2003;8;202;0;1.82;0.45;16.4;81.7;83.3;76.9;100;1.36;1.82;42.3;0;3.18;0;3.64;1.82;1.82;0.45;0;58.6;3.18;34.1;0;36.4;0;0;0;1.36;5.91
Bobby Clark;MF;Liverpool;18;2005;1;8;0;0;0;0;100;0;100;0;0;10;10;0;0;0;0;20;0;0;0;70;10;30;0;30;0;0;0;0;0
Jonathan Clauss;DF;Marseille;30;1992;19;1432;1;1.76;0.44;17.4;74.8;83.1;80.9;44.3;1.95;1.89;50;0.44;4.03;0.69;1.57;0.94;0.82;1.38;0.06;60.2;2.33;40.7;0.75;38;0.06;0;0.19;3.84;4.84
Kingsley Coman;FWMF;Bayern Munich;26;1996;14;749;4;3.13;0.84;19;79.6;89.2;79.9;60.9;2.77;2.29;49.5;0.12;5.66;0.72;0.96;1.2;0;0.48;0;63;5.78;45.2;2.65;50.2;0.24;0.12;0.36;4.7;4.34
Ángel Correa;MFFW;Atletico Madrid;27;1995;19;821;5;3.19;1.21;14.3;7.85E+01;87.5;77.9;40;1.65;1.54;34.7;0.99;4.29;0.33;0.55;0.99;0.99;0.44;0;48.9;3.63;31.3;1.76;37.6;0.22;0;0.55;1.98;3.52
Joaquin Correa;FW;Inter;28;1994;17;436;3;1.88;1.04;11.6;73.8;80.7;83.8;100;1.04;0.21;25.4;0;2.92;0.63;1.46;0.42;0;0;0;37.7;2.92;24.4;1.25;29.8;0.21;0;0.21;0.21;3.33
Thibaut Courtois;GK;Real Madrid;30;1992;15;1350;0;0;0;0;83.6;99;98.8;52.9;0.07;0;35.4;0;0.2;0;0.07;0;0;0.2;0.07;37.3;0;25.1;0;21.9;0;0;0;0;1.67
Juan Cuadrado;DFFW;Juventus;34;1988;16;1059;0;1.53;0.42;19.2;83.6;89.9;87.5;72;2.29;1.27;54.2;1.69;3.73;0.51;2.54;0.76;1.1;1.44;0;66.7;1.95;36.2;0.93;45.7;0.25;0.08;0;3.9;4.24
Marc Cucurella;DF;Chelsea;24;1998;20;1345;0;0.4;0;17.7;83.4;92.4;87.1;51.5;0.54;0.6;71.8;0.87;1.54;0.2;3.29;1.54;0.74;2.62;0;82.7;0.87;42.9;0.07;51;0.13;0;0.07;2.75;6.51
Matheus Cunha;FWMF;Atletico Madrid;23;1999;11;377;0;2.86;1.9;16.1;75.3;87.3;69.2;75;1.43;0.48;20.2;0;2.38;0.48;0.95;0.95;0.48;0.71;0;31.2;1.67;17.6;0.95;21.2;0.48;0;0.24;0.71;3.81
Danilo D'Ambrosio;DF;Inter;34;1988;4;107;0;0;0;0;86.9;94.4;94.1;44.4;0;0.83;50.8;0;1.67;0;3.33;3.33;1.67;5;0;65.8;0;38.3;0.83;39.2;0.83;0;0;1.67;3.33
Mahmoud Dahoud;MF;Dortmund;27;1996;5;198;0;1.82;0;28.6;75.5;82.8;96.2;48.1;1.36;0;70.5;0.91;1.82;0;3.64;1.82;1.82;0.91;0;83.6;1.82;43.2;0.45;57.3;0;0;0;1.36;7.73
Patson Daka;FW;Leicester City;24;1998;17;706;3;2.44;1.41;14.9;66.2;74.4;68.9;25;1.28;0.64;20.1;0;2.18;0.64;1.03;0.9;0.38;0.77;0;31.3;1.15;14.5;0.77;20.8;0.26;0;0.64;0.51;2.31
Diogo Dalot;DF;Manchester Utd;23;1999;15;1268;0;0.99;0.28;19.7;77.4;87.5;81.8;55.3;1.56;1.49;58.6;0;2.48;0.14;2.2;1.28;1.63;2.13;0.07;69.2;1.63;34;0.85;39.6;0.35;0;0;2.06;6.38
Danilo;DF;Juventus;31;1991;21;1813;2;0.75;0.1;14.1;83.7;87.3;91.6;63.7;0.6;0.4;60.1;0;1.54;0.1;2.34;1;1.39;3.33;0.05;70.5;0.7;36.2;0;45.4;0.15;0;0;0.8;5.07
Arnaut Danjuma;FW;Tottenham;26;1997;1;12;0;0;0;0;54.5;60;100;100;10;10;110;0;10;0;0;0;0;0;0;140;30;90;0;120;0;0;0;10;0
Matteo Darmian;DF;Inter;33;1989;16;993;1;0.27;0.09;14.5;82.9;91;84.3;62.3;1.18;1.09;49.4;0;2.55;0.36;2.82;1.55;0.82;1.55;0;58.7;1.45;29.2;0.18;36.4;0.18;0;0.27;1.91;4.45
Alphonso Davies;DF;Bayern Munich;22;2000;17;1398;0;0.52;0.19;19.6;87.8;92.6;90.9;66.7;1.81;1.23;71.2;0;3.55;0.26;1.87;1.1;1.03;0.84;0.19;83.3;5.61;55.4;1.29;56.4;0;0;0.13;0.52;8.77
Ben Davies;DF;Tottenham;29;1993;20;1441;2;0.63;0.25;16.1;84.4;91.2;90.3;55.6;0.81;0.19;56.5;0;1.44;0.25;0.94;0.81;0.81;2.69;0;64.6;0.56;38.4;0.06;46;0.13;0;0;0.88;3.5
Kevin De Bruyne;MF;Manchester City;31;1991;20;1599;3;2.64;0.9;23.6;71.9;84.6;74.2;57.6;3.6;3.71;59.4;2.58;6.52;1.12;1.07;1.01;0.22;0.39;0;68.5;1.85;41.1;0.67;52.9;0.06;0;0.17;8.82;3.71
Rodrigo De Paul;MF;Atletico Madrid;28;1994;15;875;1;0.82;0.31;25.9;80.8;89.4;83.7;64.1;2.16;2.47;63.5;0.62;4.02;0.31;1.24;1.24;0.31;0.21;0;71.9;1.44;47.4;0.21;57.2;0.21;0;0;2.78;5.05
Mattia De Sciglio;DF;Juventus;30;1992;10;603;0;0.6;0;27.6;81.5;86.6;85.4;64.2;0.75;0.9;54.9;0;1.64;0.15;1.19;0.75;0.45;1.64;0;62.8;0.75;33.9;0;40.7;0;0;0;2.24;3.58
Kiernan Dewsbury-Hall;MF;Leicester City;24;1998;20;1538;2;0.88;0.23;20.9;75.3;85.2;78.4;53.2;1.75;0.99;46.8;0.41;3.27;0.47;1.75;1.87;0.99;0.76;0;59.1;2.51;34.3;0.64;41.8;0.12;0;0;2.05;6.08
Angel Di Maria;FW;Juventus;34;1988;12;608;3;2.5;0.88;20.4;75;89.3;78;61;3.09;2.5;41.8;2.94;5.74;0.59;1.03;1.03;0.29;0;0;54;3.97;32.8;0.59;40;0;0.15;0.44;6.32;3.68
Ruben Dias;DF;Manchester City;25;1997;13;874;0;0.52;0.1;10;92.2;94.2;94.7;75;0.21;0;92.8;0;0.62;0;0.62;0.93;1.24;2.58;0;100.2;0.31;59.9;0.1;78.6;0;0;0;0;4.23
Luis Diaz;FW;Liverpool;26;1997;8;613;3;2.35;1.03;13.3;79.3;82.7;84;85.7;0.88;0.74;37.6;0;2.94;0.59;1.47;0.88;0.29;0;0;49.7;4.26;35.9;1.76;41.8;0.29;0;0.29;1.03;3.97
Bamba Dieng;FWMF;Marseille;22;2000;10;194;1;5;2.27;12.5;62.8;69.2;55.6;100;0.91;0.91;19.5;0;2.73;0.45;1.82;2.27;0;0;0;34.5;1.36;24.5;0.91;26.4;0.45;0;0.45;0.45;3.18
Eric Dier;DF;Tottenham;29;1994;22;1915;2;0.66;0.19;12.7;86.2;92.3;92.5;62.2;0.28;0.28;66.6;0;0.99;0.05;0.94;1.13;1.22;3.38;0.05;74.9;0;45.8;0.05;53.1;0.09;0;0.05;0.52;4.13
Federico Dimarco;DF;Inter;25;1997;21;1467;3;1.9;0.55;20.7;72.2;85.7;78.9;48.8;2.27;1.47;55;2.7;4.05;0.25;1.29;0.8;0.8;1.17;0;63.6;0.8;34.1;0.18;41.2;0;0;0.18;8.96;5.09
Ben Doak;FW;Liverpool;17;2005;2;26;0;0;0;0;71.4;90;0;0;0;0;46.7;0;0;0;10;3.33;0;0;0;73.3;13.3;53.3;6.67;50;0;0;0;0;16.7
Matt Doherty;DFMF;Tottenham;31;1992;12;667;1;1.35;0.27;12.1;80.6;93.1;78.1;51.4;0.81;0.68;55.1;0;2.43;0.41;2.16;1.49;1.08;1.89;0.14;67.6;1.62;33.4;0.27;41.4;0;0;0;2.43;4.19
Gianluigi Donnarumma;GK;Paris S-G;23;1999;23;2070;0;0;0;0;87.1;99.4;97.5;52.1;0;0;25.9;0;0.04;0;0;0;0;0.3;0.04;27.6;0;19.5;0;12.8;0.09;0;0;0;1.48
Denzel Dumfries;DF;Inter;26;1996;18;1195;1;1.5;0.68;11.5;73.1;85.9;73.4;49.2;1.43;1.2;36.8;0;3.38;0.45;0.9;1.28;0.75;1.35;0;47.5;1.65;25;0.9;29.1;0.23;0;0.15;3.23;3.76
Edin D?eko;FW;Inter;36;1986;21;1298;7;3.61;1.25;14.4;71.3;76.6;75.6;55.3;1.11;1.11;25.4;0;3.26;0.69;0.07;0.83;0.14;1.39;0;37.4;1.11;19.4;0.56;28.8;0.21;0;0.56;0.97;3.26
Ederson;GK;Manchester City;29;1993;21;1890;0;0;0;0;86.9;98.7;99.2;62.5;0.05;0;36.4;0;0.14;0.05;0.05;0;0;0.33;0.1;37.8;0;25.3;0;24;0.05;0;0;0;1.14
Hugo Ekitike;FW;Paris S-G;20;2002;16;742;3;2.2;0.85;13.5;82.9;86.1;80.8;85.7;0.73;0.61;26.3;0;1.83;0.61;0.98;1.22;0.49;0.24;0;36.8;2.44;26;0.85;25.9;0;0;0.49;0;3.17
Anthony Elanga;FW;Manchester Utd;20;2002;13;397;0;1.82;0.68;14.7;73.8;75.6;72.4;100;1.14;0.45;27.7;0;3.64;0.23;0.68;0.91;0.23;0.91;0;41.1;2.73;23;1.14;29.3;0;0;0.68;1.36;3.64
Harvey Elliott;MFFW;Liverpool;19;2003;20;1131;1;1.67;0.48;19.3;79.6;89.4;79.2;50;1.27;2.22;54.4;0.08;3.89;0.48;1.03;1.59;0.48;0.48;0;64;2.7;41.2;0.63;47.6;0.08;0;0.08;2.22;5.95
Aritz Elustondo;DF;Real Sociedad;28;1994;16;1028;0;0.53;0;16.6;81.8;89.8;83.6;57.6;0.35;0.44;52.2;0;0.79;0.18;1.84;1.05;1.58;2.63;0.09;61.8;0.26;31.3;0;36.1;0.35;0.09;0;0.35;3.77
Emerson;DF;Tottenham;24;1999;18;1196;1;0.9;0.3;15.5;78.9;89.1;84.4;55.2;0.45;0.98;54.3;0.08;2.11;0.15;2.56;0.83;0.9;3.53;0;66.9;1.5;32.7;0.45;39.1;0.08;0.08;0;2.93;5.19
Christian Eriksen;MF;Manchester Utd;30;1992;19;1489;1;1.39;0.48;19.1;78.9;88.1;83.8;50.7;1.52;1.03;62.5;3.03;2.97;0.48;0.73;1.03;0.48;1.09;0.06;69.7;0.48;40.1;0.06;50.4;0.18;0;0.12;3.64;6.85
Jonny Evans;DF;Leicester City;35;1988;9;810;0;0.11;0.11;3.8;89.3;92.4;94.7;70.3;0.11;0.11;74.7;0;0.44;0;1.11;0.67;1.78;3.56;0;83.7;0;50.6;0;61.2;0;0;0;0;5
Fabinho;MF;Liverpool;29;1993;18;1253;0;0.58;0.22;18.3;88.1;93.4;91.9;68.8;0.43;0.5;64.5;0;2.09;0.14;2.37;1.37;1.37;1.44;0;74.2;0.22;40.5;0;51.4;0.14;0;0;0.29;6.98
Wout Faes;DF;Leicester City;24;1998;16;1440;0;0.25;0.06;15.5;86.4;89;93.5;56.3;0.19;0.31;68.4;0;0.5;0.13;2.13;1.31;1.31;3.44;0.06;79;0.31;45.8;0;55.2;0.13;0;0;0;5.63
Nicolo Fagioli;MF;Juventus;22;2001;12;567;2;0.95;0.63;22.1;83.4;89.7;90.1;59.5;1.75;1.27;41.1;0.95;2.86;0.48;1.59;0.95;0.95;0.32;0;50.8;0.95;30.2;0.16;35.1;0;0;0.16;2.06;7.3
Felipe;DF;Atletico Madrid;33;1989;3;194;0;0.45;0;10.6;91.7;97.8;91.7;83.3;0.45;0;60;0;0.45;0;1.36;0.91;0;3.18;0;67.7;0.91;46.4;0;44.5;0;0;0;0;7.27
Joao Felix;MFFW;Chelsea;23;1999;2;147;1;5.63;3.75;17.8;6.96E+01;84.4;85;30;1.88;0.63;43.1;3.75;4.38;0;1.88;0;0;0;0;58.1;5;31.3;1.25;43.8;0;0.63;1.25;5.63;1.88
Joao Felix;FWMF;Atletico Madrid;23;1999;14;650;4;3.61;1.67;18.9;75;86.7;70;37.9;1.39;1.39;31.7;0.56;4.03;0.69;1.39;0.14;0.42;0.28;0;44.7;3.33;29.3;0.28;36.1;0.69;0;0.42;1.11;2.5
Bruno Fernandes;MFFW;Manchester Utd;28;1994;21;1888;5;2.05;0.62;21.6;74.1;85.6;77.2;54.2;2.71;2.19;51.4;1.52;4.95;0.57;2.43;1;0.71;1.29;0;61.8;1.48;34.2;0.33;41.9;0.24;0;0.48;3.43;6.29
Carlos Fernandez;FW;Real Sociedad;26;1996;10;256;0;2.5;1.07;17.6;63.8;71;72;0;1.79;0.71;24.6;0;2.5;0;0.71;0.36;0.36;0.71;0;35.7;3.21;21.1;0.71;26.4;0.71;0;2.14;0;6.07
Enzo Fernandez;MF;Chelsea;22;2001;2;180;0;1.5;0;26.7;87.6;82.8;96.3;88;1;0.5;84.5;0;3;0.5;4.5;3;2;2;0;99.5;1;58;0;72;0;0;0;0;8.5
Roberto Firmino;FWMF;Liverpool;31;1991;13;929;7;3.2;1.94;12.7;77.9;86;79;66.7;1.65;1.36;42.6;0;3.69;0.68;1.26;1.07;0.58;0.19;0;55.1;1.46;31.1;0.58;42.1;0;0;0.29;1.07;4.37
Phil Foden;FWDF;Manchester City;22;2000;18;1045;7;2.41;1.21;14.2;80.2;91;83.2;48.5;1.9;1.9;54.9;1.98;4.74;0.78;1.03;1.03;0.26;0.43;0;65.3;2.5;42.8;0.52;52.4;0.09;0;0.26;5.09;5.17
Datro Fofana;FWMF;Chelsea;20;2002;1;16;0;5;0;11.1;50;100;0;0;0;0;10;0;10;0;5;0;0;0;0;45;15;10;0;20;0;0;0;0;0
Wesley Fofana;DF;Leicester City;22;2000;2;180;0;1;0.5;10.1;83.6;100;86.5;46.2;0;0;70;0;1;0;2;0.5;4.5;2.5;0;84.5;1.5;58;1;57.5;0.5;0;0.5;0;5
Wesley Fofana;DF;Chelsea;22;2000;2;180;0;0.5;0;31.8;90.5;95.3;93.5;20;0;0;95;0;0.5;0;1.5;1;2.5;1.5;0;104.5;1;80.5;0;86;0;0;0;0;6
Fraser Forster;GK;Tottenham;34;1988;2;180;0;0;0;0;81.4;100;100;58.8;0;0;21.5;0;0;0;0;0;0;0.5;0;24;0;12.5;0;9;0;0;0;0;1
Fred;MF;Manchester Utd;29;1993;19;763;2;2.47;0.59;18.4;79.4;86;85.2;63.8;1.88;0.59;55.3;0;3.65;0.24;2.82;3.18;1.41;0.94;0;71.2;1.18;36.2;0.12;42.2;0.47;0;0;1.06;8.71
Roberto Gagliardini;MF;Inter;28;1994;10;394;0;2.27;0.45;14.7;7.85E+01;82.8;86.8;53.3;0.68;1.82;40.2;0;2.27;0.45;2.73;1.59;0.23;1.36;0;52.5;0.91;26.1;0.23;35.9;0.23;0;0;1.36;4.77
Cody Gakpo;FW;Liverpool;23;1999;3;255;0;3.21;0.36;13.7;61.4;68.2;56.3;50;0.71;0.36;15.7;0;3.21;0;0.71;0.71;0.71;0;0;26.8;2.14;15;0.71;19.6;0;0;1.07;1.79;2.5
Conor Gallagher;MFFW;Chelsea;23;2000;20;841;1;1.4;0.54;19.8;79;87.6;84.6;48.8;1.83;1.29;53.3;2.15;2.9;0.32;3.01;1.72;1.29;1.51;0;68.4;2.69;41.3;0.65;46.8;0.65;0.11;0;3.98;5.7
Alejandro Garnacho;FW;Manchester Utd;18;2004;11;328;1;3.33;1.39;15.8;78.6;84.8;94.1;100;0.56;0.28;31.1;0;3.33;1.11;0.83;1.39;1.11;0;0;50.8;6.67;36.9;4.72;39.2;0.56;0;0.56;0.28;3.89
Federico Gatti;DF;Juventus;24;1998;6;540;0;1;0.17;15.4;82.8;91.8;90.3;64.7;0.17;0;62;0;1.5;0;0.83;1.17;1.5;4.33;0.17;73.3;0;44.3;0;50.5;0.33;0;0;0.17;6.5
David de Gea;GK;Manchester Utd;32;1990;22;1980;0;0;0;0;71.8;100;98.7;42;0.05;0.05;30.6;0;0.09;0;0;0;0;0.36;0.05;32.6;0;19.4;0;19;0;0;0;0;0.73
Gerson;MF;Marseille;25;1997;10;417;2;1.96;1.3;15.8;81.1;89.7;79.7;58.3;0.87;0.87;40.2;0.22;2.61;0.22;1.3;1.09;0.43;0.87;0;53;1.52;43.3;0.65;43.3;0.22;0;0.22;0.65;4.35
Ismael Gharbi;MFFW;Paris S-G;18;2004;3;47;0;2;0;18.1;87.1;95;80;0;0;0;62;2;0;0;0;2;6;0;0;72;4;52;0;60;2;0;0;0;4
Samuel Gigot;DF;Marseille;29;1993;17;1271;2;0.57;0.21;7.8;87.5;90.2;92.1;58.2;0.28;0.14;56.8;0;0.99;0.28;1.99;1.35;2.55;3.69;0.07;68.4;0.57;48.2;0;45;0.28;0.14;0.07;0.07;4.82
Serge Gnabry;FWMF;Bayern Munich;27;1995;20;1106;9;3.98;1.87;16.7;80.1;87.9;81.8;55.8;1.71;1.95;46.2;0.57;4.63;0.89;1.14;1.3;0.65;0.24;0.08;59.7;3.25;38.7;2.28;46.1;0;0;0.41;2.68;3.98
Joe Gomez;DF;Liverpool;25;1997;17;1106;0;0.24;0;20.3;84.5;87.3;91.6;61.7;0.08;0.16;83.7;0;1.22;0.08;1.87;1.14;1.54;3.17;0.16;93.7;0.41;60.9;0;62.2;0.24;0;0;0.24;8.37
Sergio Gomez;DFMF;Manchester City;22;2000;5;111;0;1.67;0;17.6;81.8;86.8;85.7;83.3;1.67;1.67;73.3;1.67;2.5;0.83;1.67;3.33;1.67;3.33;0;85.8;0;44.2;0.83;62.5;0;0;0;3.33;4.17
Leon Goretzka;MF;Bayern Munich;28;1995;15;1016;3;2.48;0.62;17;81.9;89.5;83.2;56.1;1.24;1.06;50;0;2.92;0.44;1.86;2.04;1.5;1.95;0;64.3;1.24;32.3;0.44;39.6;0.27;0;0.18;0.35;8.76
Andoni Gorosabel;DF;Real Sociedad;26;1996;13;738;0;0.73;0;23.4;85;91.8;86.4;66.7;0.61;1.22;57.1;0;1.59;0;2.32;0.85;0.85;0.85;0;65.1;0.85;32.4;0.12;38.9;0.24;0;0;2.07;3.78
Robin Gosens;DF;Inter;28;1994;18;363;1;1.5;0.25;11.1;73.8;93;71.6;33.3;1;1.75;58.3;0;2.5;0;3;1.25;1;0.75;0;70.3;1.25;36.3;0.75;44.5;0.25;0;0.25;4.75;5.5
Ryan Gravenberch;MF;Bayern Munich;20;2002;12;251;0;2.5;0.36;19.2;84.5;89.8;86.2;70;0.71;1.43;60;1.07;3.21;0;2.5;0.71;1.07;1.07;0;74.3;2.5;51.4;0.36;56.1;0.36;0;0;1.79;9.29
Ivo Grbi?;GK;Atletico Madrid;27;1996;4;208;0;0;0;0;47.1;85.7;100;28.6;0;0;37.8;0;0;0;0;0;0;1.3;0;41.7;0;19.6;0;13.9;0.43;0;0;0;0
Jack Grealish;FW;Manchester City;27;1995;15;1040;2;1.64;0.34;13.6;83.6;92.5;86.9;57.5;2.24;1.47;47.9;1.38;4.57;0.78;1.21;1.12;0.34;0.34;0;58.5;4.57;42.9;2.76;47.7;0.09;0;0.09;3.02;4.83
Antoine Griezmann;FWMF;Atletico Madrid;31;1991;20;1266;6;3.55;1.49;19.1;74.8;87.4;76.6;47.2;2.7;1.49;49.3;3.05;5.18;0.57;1.63;1.35;0.78;0.5;0;61.6;3.05;37.1;0.71;43.1;0;0;0.35;5.82;5.6
Matteo Guendouzi;MF;Marseille;23;1999;21;1462;1;1.3;0.25;16;87.1;89.7;90.6;81.8;0.93;1.23;54.4;0.19;2.53;0.31;1.48;0.49;0.99;0.62;0;61.9;1.48;50.6;0.43;47.1;0.12;0;0;0.86;6.11
Raphael Guerreiro;DF;Dortmund;29;1993;16;1390;1;0.97;0.39;22.7;83.8;90.9;85.5;48.7;1.56;1.62;68;0.84;3.38;0.45;1.3;0.84;1.56;0.65;0;76;1.56;43;0.65;48.1;0.19;0;0.13;2.66;7.27
Ander Guevara;MF;Real Sociedad;25;1997;5;135;0;0.67;0;23.7;90;98.3;91.5;57.1;2.67;0.67;80;0;3.33;0;1.33;2;0.67;1.33;0;88;0.67;58;0;69.3;0.67;0;0;0;3.33
Pape Gueye;MFDF;Marseille;24;1999;14;492;1;1.45;0.73;16.8;84.7;94.3;86.1;64.1;0.73;1.09;58.2;0;1.82;0.18;3.27;1.64;1.64;0.36;0;70.5;1.27;54;0.18;49.3;0.18;0;0.18;0.55;7.64
Ylkay Gundodan;MF;Manchester City;32;1990;18;1252;2;2.23;0.58;18.5;87.3;92;90.6;78.1;2.01;1.58;57.3;1.01;4.1;0.65;1.37;0.72;1.01;0.65;0;67.2;1.65;37.2;0.29;51.9;0;0;0.22;1.08;6.04
Erling Haaland;FW;Manchester City;22;2000;20;1636;25;3.85;1.98;12.6;73.7;79.9;76.5;83.3;0.93;0.77;15.9;0;2.03;0.38;0.11;0.38;0.11;0.55;0;24.2;0.77;12.6;0.93;18.1;0.16;0;0.27;0.27;1.1
Achraf Hakimi;DFMF;Paris S-G;24;1998;21;1508;4;0.83;0.42;15.5;88.5;91.9;90.6;57.1;1.73;2.08;63.4;0.06;3.45;0.48;2.38;1.49;0.54;0.54;0;72.1;2.98;57;1.07;53.5;0.3;0;0.18;1.79;5.6
Lewis Hall;DFMF;Chelsea;18;2004;5;304;0;1.47;0.59;13.3;75.4;85.9;76.5;61.5;1.18;0.88;57.4;0.59;3.53;0;3.24;1.18;2.94;1.47;0.29;74.7;3.53;45.6;0.88;48.5;0.29;0;0.29;2.65;8.53
Sebastien Haller;FW;Dortmund;28;1994;5;240;1;1.48;0.74;9.4;71.8;83;57.9;66.7;2.22;0.74;28.9;0;3.33;0.37;0;0.74;0;1.11;0;41.1;1.11;18.9;0;29.6;0;0;0;0;2.96
Samir Handanovi?;GK;Inter;38;1984;8;720;0;0;0;0;89.2;98.9;99.2;67.8;0;0;39.3;0;0.25;0;0;0;0;0.25;0;41.4;0;23.9;0;24.9;0;0;0;0;1
Amine Harit;MFFW;Marseille;25;1997;10;515;0;1.05;0.53;18.7;81.5;86.4;87.1;59.1;2.63;2.81;47.5;1.58;5.26;0.35;1.05;0.7;0.7;1.05;0;59.8;6.32;49.8;1.58;47.9;0.18;0;0.35;2.81;4.74
Kai Havertz;FWMF;Chelsea;23;1999;21;1591;5;2.32;0.96;11.7;80.3;82.9;87.9;63.6;1.07;0.73;29.3;0;1.98;0.17;1.47;1.02;0.34;1.53;0;43.2;1.81;23.8;1.13;32.4;0.17;0;1.36;0.28;2.99
Eden Hazard;FW;Real Madrid;32;1991;3;99;0;0.91;0;29.4;89.9;89.1;91.7;100;2.73;0;62.7;0;6.36;0;0;0;0;0;0;70.9;1.82;56.4;0.91;67.3;0;0;0;0;0.91
Thorgan Hazard;FWDF;Dortmund;29;1993;14;464;0;1.54;0.58;14.2;72.5;80.1;78;43.9;2.12;1.35;62.3;3.27;4.42;0;3.27;1.15;0.96;0.96;0;74.2;2.88;40.2;0.96;42.9;0.19;0;0.77;7.12;8.46
Jordan Henderson;MF;Liverpool;32;1990;17;919;0;1.18;0.29;23.1;81.6;90.8;83.5;61;1.27;1.96;74.4;0;3.04;0.1;1.27;0.78;0.98;0.59;0;80.9;0.69;46.5;0.1;61;0.1;0;0;0.88;7.45
Mario Hermoso;DF;Atletico Madrid;27;1995;8;532;2;1.19;0.68;16.4;86;91.2;95.1;63.9;0.51;0.17;60.3;0;1.36;0.17;0.34;1.69;0.68;4.41;0;69.8;0.17;36.1;0;44.6;0.85;0.34;0.17;0;6.27
Lucas Hernández;DF;Bayern Munich;26;1996;7;476;0;0;0;0;89.4;95;90;84.3;0.19;0.38;71.1;0;0.75;0;1.13;0.38;0.94;1.32;0;76.8;0.57;50.4;0;57;0.19;0;0;0.38;6.23
Son Heung-min;MFFW;Tottenham;30;1992;21;1728;4;2.66;1.3;18.9;71.1;85.7;70.1;30;1.72;0.99;29.5;3.65;3.59;0.42;0.83;0.68;0.36;0.21;0;39.9;2.5;23.6;0.83;27.6;0.05;0;0.42;4.43;3.33
Ilyes Housni;FW;Paris S-G;17;2005;1;11;0;0;0;0;100;100;0;0;0;0;30;0;0;0;10;0;0;0;0;50;0;40;0;70;0;0;0;0;0
Mats Hummels;DF;Dortmund;34;1988;16;1155;0;0.86;0.08;9.3;87.8;89.8;95.1;75.1;0.31;0.23;70.9;0;1.48;0.16;2.42;1.56;1.64;3.75;0;82.9;0.39;51.6;0;55.6;0.31;0;0.08;0.16;5.39
Omari Hutchinson;FW;Chelsea;19;2003;1;23;0;0;0;0;66.7;85.7;100;50;0;0;40;0;3.33;0;0;0;3.33;0;0;50;0;36.7;3.33;36.7;0;0;0;6.67;3.33
Pierre Hojbjerg;MF;Tottenham;27;1995;22;1961;4;1.06;0.32;21.1;88.4;91.5;91.5;80.1;0.92;1.15;66.3;0.05;2.94;0.46;1.56;1.61;1.56;1.74;0.05;76.8;1.01;44.1;0.28;56.6;0.09;0;0.05;0.5;7.61
Arijon Ibrahimovic;MF;Bayern Munich;17;2005;1;14;0;10;10;6.9;8.75E+01;100;66.7;100;5;0;40;0;5;0;5;0;0;0;0;65;5;30;0;45;0;0;0;0;5
Kelechi Iheanacho;FWMF;Leicester City;26;1996;16;443;3;3.67;1.22;17.3;75.5;83.3;74.2;62.5;2.45;0.82;28.4;0.41;3.88;0.82;0.61;0.61;0;0.61;0;39.2;2.86;25.3;2.45;33.3;0;0;0.61;0.41;3.06
Samuel Iling-Junior;DFMF;Juventus;19;2003;6;105;0;0.83;0;31.4;82.4;82.4;85.7;50;1.67;1.67;28.3;0.83;3.33;0.83;1.67;0.83;0.83;2.5;0;45.8;4.17;23.3;0;25;0.83;0;0;1.67;6.67
Asier Illarramendi;MF;Real Sociedad;32;1990;12;503;1;1.43;0.54;19.2;85.3;90;87.9;66.7;0.54;0.18;51.1;0;1.79;0;3.21;2.68;1.79;2.14;0;67;0.36;34.3;0.18;40.5;0.54;0;0;0.36;5.89
Alexander Isak;FW;Real Sociedad;23;1999;2;152;1;1.76;0.59;12;56.7;78.6;66.7;0;1.18;0.59;17.6;0;1.18;0;0.59;0;0;1.18;0;27.1;2.94;17.1;1.18;19.4;0;0;0;1.18;1.18
Reece James;DFMF;Chelsea;23;1999;10;760;1;1.19;0.48;21.2;85.8;94.4;85;68.2;1.31;1.43;78.2;1.55;2.98;0.24;2.26;0.95;0.95;1.55;0;86.8;1.9;48;0.6;60.2;0.36;0;0.36;5.71;6.43
Luis Javier Suarez;FW;Marseille;25;1997;7;293;3;4.85;2.12;12.6;67.9;66.7;77.8;100;0.91;1.21;23.6;0;2.42;0.61;1.21;0.3;0.91;1.82;0;36.1;0.91;23.6;0;24.2;0.3;0;0;0;1.52
Curtis Jones;MFFW;Liverpool;22;2001;6;189;0;1.9;0.48;17.1;85.5;88.7;93.9;62.5;0.95;1.43;65.7;0;4.29;0;1.9;0.48;0.48;0.48;0;80.5;2.86;54.8;1.43;63.8;0.48;0;0;1.43;5.71
Jorginho;MF;Chelsea;31;1991;18;1279;2;0.21;0.07;34.1;84.8;90;86.5;68.9;0.49;0.63;62.3;0;2.04;0.14;2.96;1.27;1.48;0.49;0;72.3;0.7;38.4;0.07;49.7;0.28;0;0;0.14;8.38
Diogo Jota;FWMF;Liverpool;26;1996;4;196;0;1.36;0.45;7.8;59.4;63.6;62.5;50;3.18;0.91;29.1;0;3.18;0.45;4.55;0.91;0.91;0.45;0;45.5;3.64;23.6;1.82;27.3;0.45;0;0.91;1.36;4.55
Vinicius Junior;FW;Real Madrid;22;2000;20;1756;7;2.51;1.23;16.4;77.6;88.3;79.3;51.4;1.74;1.64;35.7;0.21;4.51;0.56;1.33;0.87;0.31;0.05;0;51.9;8.1;41.1;3.64;44.7;0.26;0;0.62;1.95;3.13
James Justin;DF;Leicester City;24;1998;14;1252;0;0.36;0;23.4;81.4;90.9;84.8;48.1;0.5;0.86;58.9;0;1.51;0.14;1.44;1.73;1.08;3.38;0;70.5;1.37;30;0.29;41.3;0;0;0.14;1.51;4.6
Issa Kabore;DF;Marseille;21;2001;11;569;1;0.95;0.32;19.1;75.6;86.5;70.7;56;1.11;1.75;49.4;0;3.02;0.16;2.54;1.27;1.11;1.9;0.16;63.8;3.65;44.4;0.79;42.5;0.16;0;0.16;4.44;3.65
Harry Kane;FW;Tottenham;29;1993;23;2055;17;3.55;1.58;15.5;69.4;78.6;77.5;61.8;1.71;1.32;23.5;0;3.68;0.39;0.31;0.75;0.04;0.48;0;33.9;2.72;21.1;0.57;26.8;0.18;0;0.48;1.1;2.15
N'Golo Kante;MF;Chelsea;31;1991;2;174;0;1.05;0.53;21.9;82.9;95.9;79.5;42.9;1.58;1.58;67.9;0;3.68;0.53;2.63;0.53;1.58;0;0;75.8;3.16;37.9;0.53;55.3;0;0;0.53;1.58;8.95
Jon Karrikaburu;FW;Real Sociedad;20;2002;6;93;0;5;1;20.1;61.1;71.4;50;66.7;1;1;18;0;2;0;1;2;0;0;0;38;0;22;1;28;1;0;3;1;5
Moise Kean;FW;Juventus;22;2000;19;725;4;3.7;1.23;14.7;72.4;82.7;71.9;66.7;0.99;0.62;16.5;0;3.33;0.12;0.99;0.12;0.49;0.25;0;29.8;3.33;18.5;1.6;22;0.37;0;0.62;0.37;3.33
Naby Keita;MF;Liverpool;28;1995;6;247;0;3.7;0;20.6;76.6;85.3;77.1;75;2.59;0.74;53.7;0;4.07;0;0.74;0.37;0.37;0.37;0;65.6;1.11;35.2;0;44.8;0;0;0;0.74;8.89
Joshua Kimmich;MF;Bayern Munich;28;1995;19;1599;3;1.18;0.51;25.6;84.3;93.4;89.4;61.8;2.53;2.25;89.3;6.24;5;0.67;2.53;0.79;1.46;1.29;0;99.2;0.9;56.4;0.17;67.2;0.28;0.06;0;7.47;9.1
Presnel Kimpembe;DF;Paris S-G;27;1995;9;625;0;0.43;0;6.8;93.7;97.4;95.3;87;0.14;0.14;64.8;0;0.29;0;2.03;1.16;1.45;0.87;0;72.2;0.43;54.2;0;51.4;0.43;0;0.14;0;5.22
Gregor Kobel;GK;Dortmund;25;1997;16;1440;0;0;0;0;82;100;98.9;56.9;0;0;39.6;0;0.13;0;0;0;0;0.31;0.06;42.1;0;25.7;0;23.6;0;0;0;0;1.44
Koke;MF;Atletico Madrid;31;1992;16;1121;0;0.48;0;15;84.4;93;85.6;59.8;1.04;0.64;62.2;0;2.32;0.16;2.16;1.12;0.56;0.72;0;70.5;0.72;37.8;0;51.2;0.24;0;0;1.2;6.16
Sead Kolasinac;DF;Marseille;29;1993;19;1073;3;0.84;0.42;10.3;83.7;89.5;85.1;62.8;0.42;0.5;54.1;0;1.26;0.25;2.61;1.01;1.85;1.18;0;63.2;0.59;44.1;0.17;39.1;0.08;0;0.17;1.09;7.73
Ibrahima Konate;DF;Liverpool;23;1999;5;382;0;0.71;0.24;9.6;85.9;88.3;89.2;61.9;0;0.24;64;0;0.95;0;2.86;0.48;2.14;5;0.24;78.1;0.48;43.8;0;48.3;0;0;0.24;0;9.29
Geoffrey Kondogbia;MF;Atletico Madrid;29;1993;16;962;0;1.03;0;19.7;89.2;92.8;91.3;75;0.47;0.28;55.4;0;1.12;0.19;3.36;0.84;2.34;1.03;0.09;65.5;0.65;35.4;0.09;43.9;0.37;0;0.19;0;9.25
Filip Kosti?;DFFW;Juventus;30;1992;21;1484;2;1.33;0.42;19.1;69.6;83.7;74.3;45.9;2.24;1.82;42.9;1.64;3.27;0.42;1.76;1.03;0.36;0.79;0;52.6;1.33;27.8;0.73;33.8;0.06;0;0;8;5.15
Kalidou Koulibaly;DF;Chelsea;31;1991;14;1115;2;0.73;0.32;12.5;85.6;94.1;89.7;52.5;0.4;0.4;77.3;0;1.29;0.16;2.02;1.13;1.45;3.31;0;87.1;0.48;55.2;0;63.7;0.4;0.08;0;0.24;5.73
Mateo Kova?i?;MF;Chelsea;28;1994;15;835;0;1.29;0;25.6;83.8;88;89.8;57.1;1.08;1.29;68.9;0;3.01;0.22;1.94;0.54;1.29;0.97;0;78.7;0.97;50.5;0.11;60.8;0.32;0;0;0.22;6.34
Toni Kroos;MF;Real Madrid;33;1990;17;1219;2;1.26;0.44;25.5;90.9;97.4;95;72.5;2.15;1.19;101.9;4.07;4.67;0.22;2.07;1.26;1.04;0.37;0;108.3;0.81;71.6;0.15;84.3;0.15;0.07;0;5.78;6.67
Takefusa Kubo;FWMF;Real Sociedad;21;2001;17;1248;3;2.52;1.22;19.2;72.7;85.1;76.4;41.4;1.01;0.79;31.2;1.37;3.24;0.43;1.73;0.72;0.14;0.07;0;43.2;3.17;28.4;2.3;33.2;0.14;0;1.08;2.23;3.67
Dejan Kulusevski;MFFW;Tottenham;22;2000;15;1132;2;1.67;0.48;17.2;76.2;82.7;78.5;52;1.98;1.67;33.4;0.71;4.13;0.63;1.75;0.79;0.16;0.32;0;46.7;4.92;30.6;2.46;32.5;0;0;0.08;2.06;6.59
Aymeric Laporte;DF;Manchester City;28;1994;5;376;0;1.67;0;16.8;91.7;95;92.9;76.9;0.71;1.19;74.8;0;0.95;0;0.48;1.43;0.24;3.33;0.24;82.6;0.48;56.4;0;64.3;0;0;0;0.48;3.81
Robin Le Normand;DF;Real Sociedad;26;1996;17;1356;0;0.2;0.07;14.3;90.2;89.9;94.4;75.2;0.2;0.07;52.5;0;0.6;0.07;1.26;1.06;0.99;3.31;0;61.1;0.13;36.6;0;39.3;0.26;0;0.07;0;4.11
Thomas Lemar;MF;Atletico Madrid;27;1995;15;662;0;0.81;0.41;23.3;83.5;93.4;84.5;60.8;2.43;1.76;59.7;1.49;3.24;0.54;1.89;0.95;0.54;0.81;0;68.2;2.97;44.9;0.27;52.8;0;0;0.14;3.92;6.62
Clement Lenglet;DF;Tottenham;27;1995;13;935;0;0.67;0;15.7;87.8;98.7;90.8;59;0.48;0.38;69.2;0;1.06;0.29;1.63;1.44;0.96;2.6;0.19;78.6;0.38;55.9;0;60;0.19;0;0;1.06;4.62
Rico Lewis;DFMF;Manchester City;18;2004;9;453;0;0.2;0.2;26.3;91.9;96.5;93.9;69.2;1.2;1.2;69.2;0;2.2;0;2;0.4;0.4;1.4;0;75.8;1.6;54;0.6;60.8;0.2;0;0;0.8;3.6
Matthijs de Ligt;DF;Bayern Munich;23;1999;17;1217;1;0.67;0.44;15.5;91.8;94.3;94.7;77;0.22;0.3;79.6;0;0.89;0;0.96;1.26;0.96;4;0;89.2;0.07;62.9;0;65.1;0.22;0;0.15;0.07;6.74
Victor Lindelof;DF;Manchester Utd;28;1994;8;452;0;0;0;0;92.4;93.7;96.5;63.3;0;0;63.2;0;0;0;1;1;1;4;0;71.6;0;45;0;50.6;0;0;0;0;5.2
Marcos Llorente;MFDF;Atletico Madrid;28;1995;13;1016;1;1.06;0.18;16.9;79.2;90.2;78.5;57.5;1.42;1.59;42;0;3.19;0.09;1.86;1.24;1.06;0.97;0;52;1.33;29.3;0.88;33.5;0.09;0;0.09;2.65;4.96
Hugo Lloris;GK;Tottenham;36;1986;21;1890;0;0;0;0;78.9;98.7;99.5;51.2;0;0;29.8;0;0.24;0;0.05;0;0.05;0.52;0.19;32.5;0;17.8;0;14.4;0;0;0;0;1.29
Manuel Locatelli;MF;Juventus;25;1998;18;1400;0;1.03;0.45;24.4;81.3;87.6;86.6;66.9;0.64;0.51;51.5;0.26;2.05;0.32;2.18;1.67;1.15;1.73;0;62.5;0.96;29.7;0.19;41.6;0.26;0;0;0.51;6.41
Ruben Loftus-Cheek;MFDF;Chelsea;27;1996;15;1032;0;0.78;0.17;18.6;85.2;88.9;90.3;80.6;0.61;0.87;53.4;0;1.91;0.17;1.57;0.78;0.7;1.48;0;63.4;3.22;36;0.61;46.3;0.09;0;0.09;0.96;6
Pau Lopez;GK;Marseille;28;1994;19;1710;0;0;0;0;80.5;97.8;98.6;57.7;0.05;0;34.6;0;0.11;0.05;0;0;0;0.21;0.05;36.7;0;26.9;0;19;0.16;0;0;0;1.47
Romelu Lukaku;FW;Inter;29;1993;9;395;1;2.05;0.91;12.9;62.4;71.1;72.2;25;1.14;1.14;19.3;0;2.27;0.68;0.23;0;0;0.45;0;28;1.36;15.9;0.23;24.1;0;0;0.68;0.91;1.36
Andriy Lunin;GK;Real Madrid;24;1999;5;450;0;0;0;0;90.5;100;97.6;72.7;0;0;31.6;0;0;0;0;0;0;0;0;32.8;0;21;0;19.4;0;0;0;0;1.8
James Maddison;MFFW;Leicester City;26;1996;16;1273;9;3.19;1.06;20.2;77;87.7;79.8;50.5;2.48;0.92;45.9;2.55;4.61;0.5;1.84;0.57;0.64;0.35;0;56.2;2.41;37.6;0.99;43.5;0.43;0;0.14;3.97;3.12
Noni Madueke;FW;Chelsea;20;2002;2;112;0;1.67;0.83;18.6;78.9;89.3;70;75;1.67;1.67;47.5;0.83;1.67;0;1.67;4.17;0;0;0;59.2;6.67;40.8;0.83;48.3;0;0;0;3.33;5
Harry Maguire;DF;Manchester Utd;29;1993;9;391;0;0.23;0;5.7;87.8;96.2;88.2;70.7;0.23;0;57;0;0.47;0;0.93;3.02;1.63;4.88;0;69.5;0.23;38.8;0;46.5;0.7;0;0;0;5.35
Jon Magunacelaya;MFFW;Real Sociedad;22;2000;2;65;0;1.43;1.43;10.8;50;40;75;100;2.86;0;22.9;0;5.71;0;1.43;0;0;1.43;0;40;1.43;25.7;0;21.4;0;0;0;2.86;5.71
Riyad Mahrez;FWMF;Manchester City;31;1991;16;898;4;2.4;0.9;15.6;84.3;90.5;87;66.2;2.3;2.4;56.8;2.7;5.7;1.1;1.1;1.2;0.4;0.2;0;67.3;3.2;45;1.9;50.9;0.2;0;0.3;4.4;4.1
Tyrell Malacia;DF;Manchester Utd;23;1999;13;845;0;0.32;0.11;20.7;83;92.5;81.7;48.6;0.11;0.21;47.6;0.21;0.43;0;2.66;0.96;1.6;3.62;0;60;1.06;28.1;0.11;32.1;0.32;0;0.11;1.38;5.53
Donyell Malen;FW;Dortmund;24;1999;13;821;0;2.64;1.32;16.5;72.8;84.8;72.6;45.5;1.65;1.1;31.5;2.2;3.74;0.44;0.55;0.99;0.44;0.55;0;44.1;3.63;30.9;1.65;35.2;0;0;0.22;4.07;2.97
Ruslan Malinovskyi;MFFW;Marseille;29;1993;6;365;1;3.41;0.73;26;76.2;85.7;77.6;58.3;2.2;0.98;44.1;2.44;5.85;0.49;1.46;1.22;0.24;1.22;0;58.5;2.68;41.5;0.24;42.7;0.49;0;0.24;4.63;5.37
Reinildo Mandava;DF;Atletico Madrid;29;1994;19;1655;0;0.33;0;22.7;86;93.6;87.2;45.9;0.49;0.33;52.8;0;1.14;0.05;2.93;1.3;1.3;2.99;0;64;1.09;35.7;0.43;38.6;0.16;0;0;0.76;6.09
Sadio Mane;FW;Bayern Munich;30;1992;14;906;6;3.86;1.68;13.5;72.6;81.6;80;64.7;1.19;2.18;27.8;0;4.36;0.89;0.5;0.99;0;0.2;0;41;3.66;28;2.57;33;0.1;0;1.49;1.29;2.67
Jose María Gimenez;DF;Atletico Madrid;28;1995;12;1005;0;1.25;0.36;15.1;86.1;90.9;91.1;66.7;0.18;0;48.7;0;0.8;0.09;1.52;1.43;1.43;4.64;0.09;60.4;0.09;31.3;0;37;0.45;0;0;0;6.25
Mariano;FW;Real Madrid;29;1993;5;44;0;6;0;10.3;70;71.4;50;100;2;0;20;0;2;0;2;0;0;0;0;32;0;20;0;22;2;0;2;0;6
Pablo Marín;MFFW;Real Sociedad;19;2003;7;324;0;1.94;1.11;18.5;76.4;84.9;76.9;66.7;1.67;0.28;41.1;0;2.78;0;1.94;0.28;1.11;0.56;0;51.1;2.5;31.9;0.56;36.9;0.28;0;0;0.83;4.72
Marquinhos;DF;Paris S-G;28;1994;22;1824;2;0.59;0.2;7.8;95.5;97;97.4;84.9;0.2;0.05;72.1;0;0.54;0.05;0.89;1.18;0.84;2.61;0.1;79.2;0;65;0.05;61.7;0.1;0;0;0;5.67
Anthony Martial;FW;Manchester Utd;27;1995;9;458;3;2.16;0.98;12.9;80.5;89.7;84.8;33.3;0.98;0.78;26.1;0;1.76;0.78;0;0.59;0.2;0.39;0;33.9;1.76;21;0.78;28.4;0;0;0.59;0.59;0.98
Ander Martin;MFFW;Real Sociedad;22;2000;3;41;0;0;0;0;50;77.8;44.4;0;4;0;48;2;8;0;4;0;0;2;0;58;2;20;0;28;0;0;0;8;10
Lautaro Martinez;FW;Inter;25;1997;21;1675;12;3.92;1.51;14.8;7.24E+01;74.8;79.7;76.7;1.56;0.75;23;0;3.12;0.48;0.7;1.08;0.48;0.65;0.05;35.8;2.58;19.9;0.75;26.4;0.05;0;0.38;0.38;3.06
Lisandro Martinez;DF;Manchester Utd;25;1998;20;1568;1;0.23;0.06;16.9;86.7;93.7;93.6;48.3;0.29;0.29;65;0;0.86;0;2.01;2.01;1.49;4.6;0;76.7;0.52;44.5;0;48.7;0.23;0;0;0;6.61
Pape Matar Sarr;MF;Tottenham;20;2002;4;137;0;0.67;0;28;92.8;93.9;95.1;33.3;0.67;0;64.7;0;0.67;0;4;0;3.33;2;0;80;2;58.7;0;58;0.67;0;0;0;6.67
Joel Matip;DF;Liverpool;31;1991;9;642;0;0;0;0;84.6;86.2;91.6;61.8;0.28;0.7;67.7;0;1.27;0;1.55;0.56;1.41;4.23;0.28;78;0.85;47;0.14;53.4;0.14;0;0.14;0.14;6.76
Eric Maxim Choupo-Moting;FW;Bayern Munich;33;1989;14;837;7;2.47;1.08;12.4;75.3;81.6;78;62.5;1.29;1.08;23.1;0;3.55;0.54;0.86;0.65;0;0.32;0;32.9;2.04;20.8;0.22;25.4;0;0;0.54;0.22;2.26
Noussair Mazraoui;DF;Bayern Munich;25;1997;11;556;0;0.65;0;19.6;86.5;89.6;88.6;52.6;1.61;0.97;71.5;0;2.1;0.48;2.74;0.81;0.97;2.26;0;81.1;1.77;48.1;0.16;56;0;0;0.16;1.45;4.03
Kylian Mbappe;FW;Paris S-G;24;1998;19;1468;13;4.42;2.21;16.2;79.9;83.8;80.1;53.1;1.84;2.58;42;0.74;4.11;0.49;0.31;0.18;0.18;0.18;0;55.8;6.63;49.6;3.25;49;0.18;0;1.17;1.9;1.72
Chancel Mbemba;DF;Marseille;28;1994;23;1925;2;0.75;0.23;11.9;84.2;89.5;89.7;64.2;0.14;0.75;57;0;1.17;0.05;1.26;0.89;1.4;2.85;0;66.3;0.7;48.6;0.42;45.1;0.09;0;0;1.31;5.28
Weston McKennie;MFDF;Juventus;24;1998;15;1052;1;0.68;0.34;10.1;80.4;84.5;85;73.7;0.68;0.51;35.7;0;1.45;0.09;1.2;1.28;0.94;1.28;0.09;45;0.68;19.7;0.17;29.8;0;0;0.26;1.28;3.68
Scott McTominay;MF;Manchester Utd;26;1996;15;753;0;0.83;0.36;14.2;80.9;82.8;87.2;66.7;0.36;0.12;31.8;0;1.43;0;2.26;0.83;1.07;4.05;0;46.1;1.67;20.6;0.12;25.1;0.6;0;0;0.24;5.95
Memphis;FW;Atletico Madrid;28;1994;2;22;0;5;0;18.5;83.3;76.9;100;0;5;10;90;5;15;0;0;0;0;0;0;125;5;90;10;115;5;0;0;5;0
Nuno Mendes;DFMF;Paris S-G;20;2002;14;896;1;0.5;0.4;11.3;84.6;88.5;89.1;69.6;1.7;1.2;50.7;0;2.6;0.4;2.5;0.8;0.9;1;0;62.6;3.6;47.9;1.1;43.9;0.2;0;0.2;1.3;5
Brais Mendez;MF;Real Sociedad;26;1997;19;1451;7;2.36;0.93;20.3;79.8;89.6;80.4;61.2;1.68;1.18;51.3;3.48;3.48;0.5;2.42;0.99;0.5;0.56;0.06;61.9;1.8;33.7;0.25;43.1;0.31;0;0.06;4.1;4.84
Edouard Mendy;GK;Chelsea;30;1992;9;765;0;0;0;0;79.5;100;98.9;49.5;0;0;31.5;0;0;0;0;0;0;0.35;0.24;33.6;0.12;18.8;0;17.4;0.12;0;0;0;1.65
Ferland Mendy;DF;Real Madrid;27;1995;14;1127;0;0.08;0;7.3;91.5;95;88.9;90.9;1.04;0.64;56.6;0;2.16;0.16;1.36;0.48;1.04;0.96;0;63.9;2;39.6;0.16;45.9;0.16;0;0;0.48;5.12
Nampalys Mendy;MF;Leicester City;30;1992;11;420;1;0.43;0.21;21.1;86.8;91.8;89.9;70.6;0.21;0.21;51.7;0;0.85;0;1.28;1.7;1.49;0.21;0;59.1;0.43;33.2;0;41.7;0;0;0;0.21;6.6
Mikel Merino;MF;Real Sociedad;26;1996;16;1285;1;1.68;0.7;16.8;76.2;83.9;81.7;47.6;1.61;1.33;53.2;0.07;3.22;0.63;2.94;1.4;0.98;2.31;0;67;0.91;35.9;0.14;44.2;0.28;0;0.14;0.84;8.04
Lionel Messi;MFFW;Paris S-G;35;1987;18;1577;10;4.57;1.94;17.8;80.1;87.5;82.8;67.9;2.57;4.69;66.5;2.46;6.46;1.26;0.97;0.4;0;0;0;78.3;6.29;67.8;1.26;67.9;0;0;0.29;2.63;2.34
Thomas Meunier;DF;Dortmund;31;1991;9;566;0;0.63;0;26.5;74.1;84.3;76;58.6;0.95;1.75;68.1;0;2.7;0;2.38;1.11;1.43;2.38;0;78.6;1.59;42.5;0.16;47.6;0.32;0;0.16;2.38;6.98
Alexander Meyer;GK;Dortmund;31;1991;4;360;0;0;0;0;89.3;97.3;100;71.4;0;0;49;0;0;0;0;0;0;0.25;0;50.5;0;34;0;27.8;0;0;0;0;2.75
Arkadiusz Milik;FW;Juventus;28;1994;17;986;6;2.64;1.45;13.9;78.1;84.4;82.9;53.8;0.73;0.55;25.4;0;1.82;0.27;0.64;0.64;0;0.82;0;34.6;0.91;19.1;0.09;27.2;0.27;0.09;0.27;0.36;2.36
Arkadiusz Milik;FW;Marseille;28;1994;2;129;0;0.71;0;7.8;75.7;77.8;81.8;0;0.71;0;26.4;0;0;0;0.71;0;0;1.43;0;33.6;0.71;23.6;0;25.7;0.71;0;0.71;0;2.86
eder Militao;DF;Real Madrid;25;1998;16;1218;3;0.89;0.3;15.2;87.2;94.1;91.2;63.4;0.22;0.07;56.1;0;0.67;0.15;1.7;2.22;1.26;3.56;0.07;68.1;0.89;41.5;0.07;44.8;0.07;0;0;0.37;5.19
James Milner;DFMF;Liverpool;37;1986;14;546;0;0.98;0.16;16.2;74;89.7;83.1;43.9;1.48;1.8;68.9;1.8;4.43;0.33;1.64;1.8;1.64;1.48;0;81.3;2.62;41.3;0.66;50.8;0.16;0;0;6.72;5.74
Fabio Miretti;MFFW;Juventus;19;2003;18;829;0;1.85;0.54;18;70.7;81.5;76.2;40;1.3;0.87;40.1;0.87;3.7;0.54;1.85;1.52;0.22;0.87;0;54.5;2.93;31;0.43;37.3;0.11;0;0.11;1.85;6.41
Henrikh Mkhitaryan;MF;Inter;34;1989;18;1149;1;1.02;0.08;19.5;86.6;93.2;85.8;75;0.86;1.17;45;0.16;3.2;0.47;1.95;1.33;0.78;0.78;0;54.2;1.17;30.5;0.55;37.5;0.23;0;0;1.02;7.27
Anthony Modeste;FW;Dortmund;34;1988;14;750;2;2.53;1.08;10.8;57.7;66;50;33.3;0.84;0.48;13.4;0;1.33;0.12;0.48;0.6;0.24;2.17;0;22.8;0.48;10;0.24;14.9;0.48;0;0.72;0.24;1.81
Luka Modri?;MF;Real Madrid;37;1985;19;1122;3;1.68;0.32;19;86.9;93;88.3;68.6;2.08;1.12;75.1;2.32;4.24;0.48;1.04;0.88;0.4;0.4;0;83.6;2;54.8;0.48;67.7;0.32;0;0.08;3.12;3.76
Nahuel Molina;DF;Atletico Madrid;24;1998;16;1374;0;0.59;0.07;20.3;72.4;90;67.9;43.1;1.18;1.5;59.7;0.39;3.27;0.26;2.09;1.11;0.46;2.03;0.07;69;1.37;34.3;0.2;41.2;0.2;0.07;0.07;4.25;4.84
Álvaro Morata;FW;Atletico Madrid;30;1992;20;1159;7;3.02;1.4;12.9;62.3;70.5;56.8;58.8;0.93;0.31;20.5;0;2.33;0.39;0.93;0.54;0;1.16;0;31;1.55;18.4;0.62;25.3;0.23;0;1.4;0.23;3.02
Youssoufa Moukoko;FW;Dortmund;18;2004;18;949;6;2.76;1.52;15.6;7.06E+01;80.5;78.6;62.5;0.76;0.48;15.5;0;1.81;0.48;1.14;0.57;0.1;0.1;0;27;3.14;15.5;0.38;16.5;0;0;0.1;0.29;2.67
Mason Mount;MFFW;Chelsea;24;1999;21;1539;3;1.81;0.53;19.2;75.2;85.2;76.6;53.1;1.7;1.46;43.2;1.99;3.16;0.41;1.7;1.23;0.41;0.53;0;53.5;1.7;29;0.64;37.4;0.18;0;0.06;3.68;4.74
Lucas Moura;MFDF;Tottenham;30;1992;8;98;0;0.91;0;11.9;70.4;81.3;68.8;0;0.91;3.64;49.1;0.91;4.55;0;6.36;0;1.82;0.91;0;68.2;6.36;36.4;0.91;45.5;0;0;0;5.45;5.45
Mykhailo Mudryk;FW;Chelsea;22;2001;3;147;0;0.63;0;6.1;80;80.6;85.7;0;0;1.88;31.3;0;2.5;0;3.75;0.63;0;0.63;0;43.1;3.13;24.4;0.63;28.8;0;0;0;0.63;6.25
Nordi Mukiele;DF;Paris S-G;25;1997;17;1007;0;0.89;0.18;11.5;87.5;94.3;88.4;65.5;0.71;0.71;55.7;0;1.34;0.36;2.32;1.79;1.16;1.16;0;65.9;1.96;48.1;0.27;44.6;0;0;0.18;1.16;5.27
Thomas Müller;FWMF;Bayern Munich;33;1989;13;812;4;2.44;1.44;13.5;77.5;87.1;78.8;44;2.11;2.11;45.9;0;5;0.78;0.78;0.89;0.33;0.67;0;55.2;0.78;30.7;0.89;43.6;0;0;0.56;1.44;3.89
Aihen Munoz;DF;Real Sociedad;25;1997;11;756;0;0.36;0.12;25.1;8.14E+01;89.8;85.4;50;0.71;1.07;50.5;0;1.9;0.12;2.26;1.55;0.36;1.67;0;60.8;1.67;31.4;0;38.1;0;0;0;2.62;3.57
Jamal Musiala;MFFW;Bayern Munich;19;2003;19;1360;10;2.65;1.19;14.7;82.4;87.2;88;57.1;2.12;1.26;40.7;0;4.7;0.99;1.52;1.06;0.79;0.2;0;55;4.7;40.3;1.32;43;0.07;0;0.07;0.33;5.56
Nacho;DF;Real Madrid;33;1990;11;507;0;0.54;0.18;9;93.2;94.5;94.9;76.2;0.54;0.36;65.4;0;1.79;0;1.07;0.54;1.07;2.32;0;75;0.54;43.6;0;52.9;0.36;0;0.36;0.71;5.36
Roberto Navarro;MFFW;Real Sociedad;20;2002;14;314;0;3.43;1.43;17;71.9;80.9;63.3;60;2.86;0.86;34.6;2.57;4.86;0;1.14;1.71;0.57;0.57;0;53.4;4.86;33.1;2.57;33.7;0.57;0;1.14;3.71;6
Wilfred Ndidi;MFDF;Leicester City;26;1996;15;898;0;0.5;0.2;23.6;8.70E+01;94;89.3;53.2;0.1;0;58.3;0;0.7;0.1;2.9;1.7;1.7;2.1;0.1;69.6;0.4;37.1;0;45.4;0.3;0;0;0.1;8.2
Manuel Neuer;GK;Bayern Munich;36;1986;12;1080;0;0.17;0.08;9;89.1;100;98.3;69.8;0;0;42;0;0.17;0;0;0;0;0.33;0.08;44;0;28.2;0;26.5;0;0;0;0;1.75
Neymar;MFFW;Paris S-G;31;1992;19;1495;12;2.05;1.02;17;80.1;85.8;82.9;56.3;2.83;2.77;74.6;3.13;6.2;0.9;1.33;0.42;0.18;0.06;0.06;86.8;5.6;75.4;0.72;74.4;0.36;0.06;0.3;3.25;3.55
Saul Niguez;MFDF;Atletico Madrid;28;1994;16;536;1;1.67;0.83;19.5;74.6;85.1;75.3;47.4;0.17;0.5;47.2;0;1.67;0.33;4.17;2.5;1.5;2.17;0;62.8;1.67;26.5;0.5;38.3;1.17;0;0.17;1.67;4.83
Justin Njinmah;FW;Dortmund;22;2000;1;22;0;0;0;0;0;0;0;0;0;0;10;0;0;0;0;0;0;0;0;20;5;30;0;25;0;0;0;0;5
Darwin Nunez;FW;Liverpool;23;1999;15;989;5;5.55;2.27;15.4;64.3;68.4;67.2;75;1.64;0.55;19.1;0.09;3.18;0.09;0.55;0.82;0.18;0.73;0;33;1.45;18.8;1.91;24.8;0.09;0.09;1.18;1.09;2
Jan Oblak;GK;Atletico Madrid;30;1993;18;1592;0;0;0;0;63.6;100;98;38.2;0;0;28.6;0;0.11;0;0;0;0;0.28;0;30;0;14.7;0;12.8;0.06;0;0;0;1.07
Olasagasti;MFDF;Real Sociedad;22;2000;3;65;0;4.29;1.43;29.1;81.3;76;94.7;66.7;0;1.43;68.6;0;1.43;0;5.71;2.86;0;1.43;0;87.1;0;42.9;0;52.9;0;0;0;0;8.57
Andre Onana;GK;Inter;26;1996;13;1170;0;0;0;0;78.9;100;96.9;52.9;0.08;0;40.4;0;0.23;0;0;0;0;0.15;0;42;0;27.6;0;24.4;0.08;0;0;0;0.92
Azzedine Ounahi;MF;Marseille;22;2000;3;33;1;5;2.5;20.7;92.7;100;84.6;0;0;0;102.5;0;7.5;5;0;0;0;0;0;115;7.5;85;2.5;102.5;0;0;0;0;10
Alex Oxlade-Chamberlain;FWMF;Liverpool;29;1993;8;314;1;2;0.86;16.3;73.7;90.5;72.7;53.8;1.43;0.57;28.3;0;2.57;0;1.43;1.14;0.29;1.14;0;41.4;3.71;24;0.86;29.7;0;0;0.29;0.57;5.43
Mikel Oyarzabal;FWMF;Real Sociedad;25;1997;6;174;1;1.05;0.53;17;84.1;89.5;100;100;1.58;1.05;33.2;0;2.11;0;1.05;0.53;0;1.58;0;46.3;1.58;30;2.11;35.3;0;0;2.11;0;5.26
Salih ozcan;MF;Dortmund;25;1998;16;1180;0;0.15;0.08;10.2;87.8;91.1;87.5;80;0.46;0.38;57.8;0;1.45;0.08;1.83;1.45;1.45;1.07;0.08;67.6;0.76;37.1;0;42.7;0.38;0;0;0.23;7.18
Jon Pacheco;DF;Real Sociedad;22;2001;9;678;0;0.13;0;9.5;90.8;95.2;95.9;71.4;0;0;66.7;0;0.27;0;1.2;0.4;0.8;2.67;0;72.5;0.27;46.4;0;53.6;0.27;0;0;0;4.13
Cole Palmer;FWMF;Manchester City;20;2002;9;119;0;1.54;0;13.8;86.1;97;89.7;42.9;2.31;3.85;55.4;0.77;3.85;0;2.31;0;0.77;0.77;0;73.1;6.15;50;5.38;57.7;0.77;0;0.77;3.08;5.38
Antonios Papadopoulos;DF;Dortmund;23;1999;1;13;0;10;0;12;89.5;100;83.3;100;0;0;190;0;0;0;0;0;10;0;0;210;0;140;0;170;0;0;0;0;20
Leandro Paredes;MF;Juventus;28;1994;13;523;0;1.55;0.17;27.3;90.7;96.1;94.1;75;1.21;1.21;65.2;1.9;2.93;0.34;2.41;0.69;1.55;1.72;0;73.6;0.69;36.4;0.34;50.9;0.34;0;0;2.93;5.69
Leandro Paredes;MF;Paris S-G;28;1994;3;52;0;0;0;0;97.1;94.7;100;100;3.33;1.67;116.7;0;6.67;1.67;1.67;3.33;1.67;0;0;125;0;106.7;0;103.3;0;0;0;0;3.33
Marco Pasali?;MF;Dortmund;22;2000;1;11;0;10;0;22.7;85.7;100;66.7;0;0;0;70;0;10;0;0;0;0;0;0;90;10;70;0;80;0;0;0;10;20
Felix Passlack;DF;Dortmund;24;1998;2;49;0;0;0;0;75;77.8;90.9;57.1;2;2;56;0;4;0;2;0;0;0;0;60;2;34;0;36;0;0;0;4;8
Benjamin Pavard;DF;Bayern Munich;26;1996;17;1377;1;1.05;0.39;21.4;86.9;91.4;89.6;66.4;0.98;1.11;87;0;2.22;0.13;2.94;0.85;1.63;2.81;0;97.3;0.26;57.6;0.13;67.9;0.13;0;0.26;2.35;5.69
Dimitri Payet;MFFW;Marseille;35;1987;18;700;2;2.69;0.51;22.7;71.1;80;76.7;53.6;3.72;2.82;49.7;3.46;5.64;0.64;0.51;0.51;0;0.26;0;58.8;2.69;46.4;0.77;44.6;0;0;0.26;5.9;5
Facundo Pellistri;FW;Manchester Utd;21;2001;1;32;0;0;0;0;100;100;100;0;0;0;20;0;2.5;2.5;0;0;0;0;0;22.5;0;22.5;0;25;0;0;0;0;0
Timothee Pembele;DF;Paris S-G;20;2002;1;65;0;2.86;0;16.3;81.8;87.5;88.9;50;1.43;0;47.1;0;2.86;0;2.86;2.86;4.29;0;0;61.4;2.86;40;2.86;37.1;0;0;0;0;4.29
Danilo Pereira;DFMF;Paris S-G;31;1991;18;1184;1;0.98;0.15;12.2;93.8;96;93.9;85.4;0.3;0.38;73.5;0;1.21;0.08;1.44;1.14;1.44;1.89;0;81.4;0.23;65.2;0;60.3;0.15;0;0.08;0;7.05
Ricardo Pereira;MFFW;Leicester City;29;1993;1;3;0;0;0;0;100;100;0;0;0;0;1;0;0;0;0;0;0;0;0;3;0;2;0;3;0;0;0;0;2
Ayoze Perez;MFFW;Leicester City;29;1993;8;382;0;1.9;0.48;15.9;69;84.3;65.1;50;2.62;1.43;40.7;2.62;3.33;0.48;2.62;1.43;0.48;0.71;0;58.1;5;31.4;1.43;36.9;0;0;0;4.05;8.33
Mattia Perin;GK;Juventus;30;1992;7;588;0;0;0;0;77.4;97.8;100;41.8;0;0;36.8;0;0;0;0;0;0;0;0;37.8;0;23.7;0;19.7;0;0;0;0;1.85
Ivan Perisi?;DFMF;Tottenham;34;1989;23;1420;0;0.95;0.19;13.5;64.8;80.8;65.5;45.5;2.03;1.65;48;3.16;2.97;0.32;1.77;1.14;1.01;1.71;0.06;58;1.65;26.3;1.52;31.4;0.19;0;0.25;7.97;5
Kalvin Phillips;MF;Manchester City;27;1995;3;21;0;5;0;28.1;80;62.5;100;50;0;0;100;0;5;0;0;10;0;15;0;140;0;65;0;90;0;0;0;0;15
Nathaniel Phillips;DF;Liverpool;25;1997;2;66;0;1.43;0;10.8;86.6;94.1;93.1;64.3;0;0;117.1;0;1.43;0;2.86;0;2.86;1.43;0;127.1;0;98.6;0;85.7;0;0;0;0;20
Pedro Porro;DF;Tottenham;23;1999;1;74;0;0;0;0;77.4;93.3;77.8;33.3;0;1.25;38.8;0;0;0;1.25;1.25;2.5;1.25;0;50;7.5;26.3;0;28.8;0;0;0;2.5;6.25
Dennis Praet;MFFW;Leicester City;28;1994;12;377;1;0.48;0.24;15.4;74.3;85.1;78;46.2;0;0.71;32.4;0.24;1.19;0;2.38;1.67;0.48;0.95;0;42.4;1.67;22.4;0.24;27.1;0.24;0;0.24;2.38;6.67
Christian Pulisic;FWDF;Chelsea;24;1998;16;609;1;2.21;0.59;16.8;80.8;87.2;80.7;61.5;1.62;0.15;33.7;0;2.94;0.44;1.62;0.59;0.29;0.59;0;48.2;5;32.9;1.62;36.9;0.15;0;0;1.03;3.38
Adrien Rabiot;MF;Juventus;27;1995;17;1398;3;1.42;0.77;18.5;82.6;88.3;84.4;75.4;1.16;0.97;37.9;0;3.1;0.26;2.19;1.61;1.03;0.97;0.06;50.3;1.87;27.1;0.13;31.7;0.19;0;0.13;1.1;6.58
Sergio Ramos;DF;Paris S-G;36;1986;20;1534;0;0.59;0.24;11.7;94.7;95.5;97.1;88.6;0.12;0.29;87.2;0;0.82;0.06;1.41;1.06;1.18;2.24;0.12;94.6;0.71;78.8;0.18;74.5;0.18;0.06;0.18;0.65;6.53
Marcus Rashford;FW;Manchester Utd;25;1997;22;1795;11;3.02;1.31;15.9;75.3;84.2;80.7;59.1;0.85;1.61;25.8;0;2.66;0.4;0.8;1.21;0.25;0.3;0;38.2;3.77;23.1;1.51;29.5;0.1;0;0.45;0.8;2.96
Sergio Reguilon;DF;Atletico Madrid;26;1996;4;87;0;0;0;0;78.7;96.6;81;50;1;0;61;0;4;0;3;2;1;0;0;72;1;36;0;40;2;1;1;5;5
Alex Remiro;GK;Real Sociedad;27;1995;20;1800;0;0;0;0;71.1;98.8;97.9;50.4;0;0;36;0;0.05;0;0;0;0;0.55;0.1;37.9;0;21.7;0;17.9;0.05;0;0;0;1.15
Marco Reus;MF;Dortmund;33;1989;12;779;2;2.07;0.46;14.5;76.3;82.6;85.9;26.7;0.8;0.23;31.5;0.11;2.53;0.23;1.95;0.57;0.23;0.46;0;41.6;1.26;24.8;0.57;28.4;0.23;0;0.34;1.26;3.22
Gio Reyna;FWMF;Dortmund;20;2002;14;503;5;2.68;1.07;16.1;77.3;85;73.9;57.1;1.43;1.96;40.2;0.71;2.86;0.36;1.79;1.07;0.54;0.71;0;54.1;3.04;36.4;1.07;41.4;0.18;0;0.18;2.32;3.21
Richarlison;MFFW;Tottenham;25;1997;14;503;0;2.5;0.89;12.7;73.9;75.6;77.8;75;1.61;1.43;28;0;3.39;0.54;1.61;1.61;0.71;1.07;0;43.9;2.86;26.8;0.71;30.9;0.36;0;0.54;1.43;5.54
Diego Rico;DF;Real Sociedad;29;1993;13;1044;0;0.34;0.09;30.6;75.2;87.4;77.3;40;0.43;1.03;54.6;0;1.9;0.09;1.72;0.6;1.64;3.36;0;66.2;1.72;30.8;0;33.8;0.17;0;0;2.76;5.6
Andrew Robertson;DF;Liverpool;28;1994;18;1322;0;0.61;0.07;14.5;78.8;89.1;83.8;49;2.04;1.36;75.5;3.33;3.95;0.48;1.09;1.02;0.75;1.7;0.07;83.1;1.5;42.7;0.41;53.3;0;0;0.14;7.48;5.24
Rodri;MF;Manchester City;26;1996;20;1733;1;1.61;0.36;18.2;91.3;92.2;93.8;85.3;1.14;1.09;96.9;0;3.42;0.47;2.28;1.45;1.14;1.14;0.05;106.4;0.73;63.7;0.05;80.5;0.16;0;0.1;0.16;9.74
Rodrygo;FW;Real Madrid;22;2001;18;1189;4;3.79;0.98;17.1;86.5;90.6;89.9;80;1.82;0.61;36.6;0.68;5.15;0.83;0.91;0.91;0.3;0.23;0;49.5;5;35.3;2.5;41.6;0.08;0;0.38;0.91;2.2
Cristian Romero;DF;Tottenham;24;1998;14;1194;0;0.45;0.15;14.7;87;88.6;94.8;69.3;0.23;0.38;58.9;0;0.6;0;2.56;1.2;1.43;3.23;0.15;70.2;0.83;44.7;0.08;45.7;0.53;0.08;0;0;6.24
Cristiano Ronaldo;FW;Manchester Utd;38;1985;10;525;1;4.31;1.03;17.7;74.7;87.6;69.2;20;1.03;0.17;27.9;0;1.72;0;0.34;0;0.17;1.55;0;37.9;1.55;16.2;0.52;28.8;0.34;0;1.38;0.52;2.07
Valentin Rongier;MF;Marseille;28;1994;22;1772;1;0.61;0.1;20.6;8.87E+01;90.7;93.3;78;0.91;1.02;65.7;0;2.18;0.05;2.44;1.68;1.57;0.86;0.05;75.3;1.37;56.8;0.2;53;0.25;0;0;0.15;7.77
Tom Rothe;DF;Dortmund;18;2004;1;14;0;0;0;0;81.8;75;100;0;0;0;55;0;0;0;5;0;0;0;0;55;5;40;0;35;0;0;0;10;5
Nicolo Rovella;MF;Juventus;21;2001;3;27;0;6.67;0;27;88;87.5;91.7;75;0;0;83.3;3.33;0;0;3.33;0;0;0;0;96.7;6.67;70;0;80;3.33;0;0;10;3.33
Antonio Rudiger;DF;Real Madrid;29;1993;18;1226;1;1.03;0.22;13.3;91.9;95.7;95.3;74.1;0.15;0.29;58.8;0;0.81;0.07;0.51;0.88;0.66;2.87;0;66.8;0;45.2;0;49.4;0.07;0;0;0.15;5.51
Daniele Rugani;DF;Juventus;28;1994;3;258;0;0.69;0.34;9.3;86.6;89.5;93.2;52.2;0;0;56.6;0;0.34;0;1.03;1.03;0.69;3.45;0;64.1;0;43.4;0;47.9;0;0;0.34;0;2.07
Fabian Ruiz Pena;MF;Paris S-G;26;1996;14;941;1;1.24;0.19;19;91.6;93.8;91.9;84.7;0.48;0.86;80.4;0.1;1.62;0.19;2.86;1.33;0.48;0.29;0.1;89.6;0.95;77.8;0.19;73.3;0;0;0.29;0.29;7.24
Julian Ryerson;DF;Dortmund;25;1997;4;358;1;1.25;0.5;26.1;78.2;85;80.4;61.9;1;1;64.3;0;1.75;0;2;1;1;1.75;0;77.5;3.25;37.8;0.25;44.8;0.25;0;0.25;4;6
Marcel Sabitzer;MF;Manchester Utd;28;1994;2;91;0;3;1;22.1;81.1;87.5;77.3;100;3;3;53;0;4;0;0;3;1;4;0;65;0;28;0;33;1;0;0;2;8
Marcel Sabitzer;MF;Bayern Munich;28;1994;15;628;1;2.14;0.71;21.7;86.3;91.3;87.8;59.4;0.86;0.71;66.6;0.14;1.57;0.14;3.86;0.43;1.43;1.29;0;78.3;0.43;44.6;0;52.6;0.29;0;0.14;0.71;6.71
Umar Sadiq;FW;Real Sociedad;26;1997;2;82;1;1.11;1.11;2.9;100;100;100;100;0;0;14.4;0;1.11;0;1.11;2.22;0;0;0;28.9;3.33;17.8;1.11;23.3;0;0;4.44;0;1.11
Mohamed Salah;FW;Liverpool;30;1992;20;1776;7;3.15;1.22;14.7;75.2;83.2;74.6;57.7;1.93;1.98;27.3;0;3.76;0.41;0.56;0.56;0.2;0.15;0;39.5;3.25;26.2;2.03;31.1;0;0;0.71;0.66;2.28
Renato Sanches;MF;Paris S-G;25;1997;14;424;2;1.28;0.85;15.2;91.9;92.1;96.7;89.5;1.49;0.43;87;0.21;2.55;0.21;0.64;1.28;1.7;0.43;0;96.2;1.06;82.1;0.43;79.1;0;0;0;0.43;7.45
Alexis Sanchez;FW;Marseille;34;1988;20;1468;9;2.39;1.1;14.6;7.59E+01;78.4;78.5;74.6;1.84;2.58;34.7;0.31;3.87;0.31;0.8;0.37;0.12;0.18;0;45.1;2.21;33.8;0.55;35.1;0.12;0;0.8;1.29;3.07
Davinson Sanchez;DF;Tottenham;26;1996;13;573;0;0.63;0.31;13;87.7;95.5;92.9;45;0.16;0.16;63.4;0;0.63;0;2.34;1.41;1.56;3.91;0;76.6;0.63;43.4;0;52;0.16;0;0.16;0.31;4.53
Jadon Sancho;FW;Manchester Utd;22;2000;11;746;3;0.96;0.6;15.3;82;88.5;83.3;50;2.05;2.05;38.8;0;4.58;0.72;0.6;0.72;0.48;0.24;0;47.3;2.89;30.4;2.53;35.2;0;0;0.36;1.08;4.7
Alex Sandro;DF;Juventus;32;1991;17;1140;0;0.24;0;25.2;85.8;91.2;91.1;68.5;0.55;0.24;64.5;0;1.57;0.08;1.34;1.1;1.02;2.44;0;73.3;1.42;38;0.16;46.1;0.24;0.08;0;0.87;6.61
Leroy Sane;MFFW;Bayern Munich;27;1996;18;1223;6;3.68;1.47;20.4;82.1;86.7;85.9;59.5;1.54;1.99;50.4;0.22;4.34;0.66;1.54;0.59;0.07;0.07;0;63.3;5.51;42.3;1.32;52.7;0.29;0;0.15;0.66;4.71
Pablo Sarabia;FWMF;Paris S-G;30;1992;14;370;0;1.46;0.49;10.4;78.6;86.2;87.5;37.5;2.44;1.71;45.6;2.93;4.63;0.24;1.22;0.73;0.49;0;0;54.9;1.22;44.1;0;43.4;0.24;0;0.49;3.9;3.9
Stefan Savi?;DF;Atletico Madrid;32;1991;13;1154;0;0;0;0;87.7;94;89.1;75.8;0.08;0.08;57.6;0;0.55;0;1.88;0.7;1.95;2.81;0;66.2;0.16;40.6;0.08;44.9;0.16;0.08;0;0;5.47
Nico Schlotterbeck;DF;Dortmund;23;1999;20;1734;3;0.67;0.21;18.7;85.5;92;92.3;63.9;0.57;0.47;75.6;0;1.24;0.31;2.38;1.4;1.14;2.95;0.05;86.2;0.57;54;0.05;59.2;0.16;0;0.05;0.52;7.67
Ryan Sessegnon;DF;Tottenham;22;2000;17;813;2;2;0.67;14.6;71.8;83.6;67.5;55.2;0.67;1.22;43.3;0;2.56;0.22;1.89;0.89;0.67;1.89;0.11;54.9;1.11;25.9;0.56;30;0.44;0;0.78;3.33;5.44
Luke Shaw;DF;Manchester Utd;27;1995;18;1503;1;0.36;0.18;17.2;82.2;91.4;84.3;53.5;1.08;1.26;74.3;0.54;2.34;0.3;1.8;1.74;1.32;1.68;0.06;84.4;0.84;47.1;0.06;51.6;0.24;0;0;2.87;6.83
Bernardo Silva;MFFW;Manchester City;28;1994;20;1410;2;1.08;0.32;18.2;85.9;92.4;88;66.7;1.46;1.34;61.3;0.45;3.5;0.57;1.97;0.96;0.64;0.25;0;71.7;2.99;44.2;1.53;53.8;0.13;0;0.13;3.12;4.46
David Silva;MF;Real Sociedad;37;1986;16;1115;1;1.21;0.65;14.9;83.5;88.2;85.2;74.6;1.13;1.61;52.8;0.24;3.06;0.81;1.45;0.4;0.48;0.73;0;61.9;1.94;39.5;0.89;49;0.16;0;0;1.13;5.32
Thiago Silva;DF;Chelsea;38;1984;20;1794;0;0.5;0.05;11.9;90.3;95;95.9;64.2;0.2;0.5;80.7;0;0.6;0.1;1.56;1.51;1.46;4.52;0.1;91.1;0.15;57.3;0;65.9;0.05;0;0;0.05;5.83
Oliver Skipp;MF;Tottenham;22;2000;8;198;0;0.45;0.45;12.6;78;85.7;88.9;25;1.36;1.36;45.5;0;1.82;0;1.36;0.45;0;1.82;0;51.4;0.45;27.3;0;35;0.91;0;0;3.64;8.64
Milan Skriniar;DF;Inter;28;1995;20;1679;0;0.43;0.11;12;91.2;93.1;95.6;70.5;0.27;0.16;69;0;0.48;0;1.55;0.91;0.59;2.3;0.16;76.5;0.16;49.1;0;56.3;0.27;0.05;0.05;0.21;5.67
Alex Sola;DF;Real Sociedad;23;1999;5;275;0;1.29;0.32;26.4;79.5;86.5;87;45.5;0.32;0;48.7;0;1.29;0.65;5.16;1.61;0.97;3.23;0;62.6;2.9;28.1;0;34.8;0.32;0;0;1.94;4.52
Carlos Soler;MF;Paris S-G;26;1997;15;727;2;0.86;0.49;14.2;84.4;86.8;88.1;66.7;0.86;0.49;52.2;0.86;2.84;0.86;1.11;0.62;0.25;0.12;0;59.3;0.86;48.8;0.12;47.8;0;0;0;1.98;5.8
Yann Sommer;GK;Bayern Munich;34;1988;5;450;0;0;0;0;87.8;100;99;65.7;0;0;42.6;0;0.2;0;0;0;0.2;0.2;0;43.8;0;30;0;29.4;0.2;0;0;0;1.8
Matìas Soule;MFDF;Juventus;19;2003;9;238;0;1.92;1.15;20.6;82;91.4;77.4;72.2;2.69;0.77;42.7;0.77;5.77;0;1.54;1.15;0.77;0.38;0;56.9;5.77;36.2;1.15;40;0;0;0;2.31;5
Boubakary Soumare;MF;Leicester City;23;1999;14;836;0;0.11;0;28;89;93.9;88.2;80.8;0.22;0.11;53.8;0;0.54;0;3.66;0.54;1.72;1.72;0;64.1;0.65;33.3;0;43.2;0.43;0;0;0.11;6.67
Harry Souttar;DF;Leicester City;24;1998;2;180;0;0;0;0;83.5;90.5;88.5;75;0.5;0;42.5;0;0.5;0.5;2;1;0.5;4;0;50;0;30;0;31;0.5;0;0;0;5
cadlar Soyuncu;DF;Leicester City;26;1996;2;79;0;0;0;0;79.6;94.4;80.8;20;0;0;54.4;0;0;0;2.22;2.22;1.11;2.22;0;63.3;0;37.8;0;45.6;1.11;0;0;0;2.22
Djed Spence;FWDF;Tottenham;22;2000;4;7;0;10;0;8.9;55.6;80;100;0;0;0;90;0;0;0;0;0;0;0;0;120;10;80;10;100;0;0;0;0;10
Josip Stanisi?;DF;Bayern Munich;22;2000;8;268;0;0;0;0;89.3;94.4;91.1;70.4;0.33;2;80.7;0.33;1;0.33;3.67;1;1;2;0;90.7;1.33;55.3;0.33;63.3;0;0;0;1.67;3.67
Raheem Sterling;FWMF;Chelsea;28;1994;16;1144;4;1.65;0.79;12.7;74.7;83.6;75.7;66.7;1.73;1.65;31.2;0.55;3.15;0.16;0.79;0.94;0.08;0.24;0;42;3.86;30.1;2.13;35.4;0.24;0;0.55;2.13;3.23
John Stones;DF;Manchester City;28;1994;14;1181;0;0.53;0.08;13;94.1;96.4;95.3;83.7;0.38;0.15;80.3;0.08;0.84;0.23;0.92;0.69;0.38;1.76;0;86;0.53;57.1;0.08;68.2;0.08;0;0.08;0.15;4.81
Niklas Sule;DF;Dortmund;27;1995;17;1148;1;1.09;0.39;18.3;89.5;93.8;91.3;80.9;0.7;0.31;78.9;0;1.8;0.31;0.78;1.41;0.7;2.03;0;86.3;0.47;55.6;0.08;63.8;0.08;0;0;0.78;5.86
Wojciech Szcz?sny;GK;Juventus;32;1990;15;1302;0;0;0;0;76.8;100;99.4;57;0;0;28.5;0;0.07;0;0.07;0;0;0.14;0;29.9;0;17.8;0;15.5;0;0;0;0;0.97
Alexander Sorloth;FW;Real Sociedad;27;1995;16;1276;8;2.39;1.27;12.8;70;81.9;64.9;62.5;1.34;0.35;18.8;0;2.46;0.14;0.56;0.35;0.07;0.99;0.07;31.8;2.25;18.5;0.7;23.8;0.14;0;0.85;0.21;2.54
Japhet Tanganga;DF;Tottenham;23;1999;2;141;0;0;0;0;89.7;91.1;91.2;71.4;0;0.63;54.4;0;0;0;1.88;0.63;1.25;3.75;0;63.8;1.25;40.6;0;42.5;0;0;0;0.63;5
Nuno Tavares;DFMF;Marseille;23;2000;19;1486;5;2.48;0.79;19.2;78.6;89;74.4;56.5;1.03;1.94;52.8;0.06;2.61;0.3;2.12;0.97;0.55;0.97;0;67.9;5.27;47;0.97;43.5;0.24;0.06;0.12;3.82;6.3
Aurelien Tchouameni;MF;Real Madrid;23;2000;16;1062;0;1.44;0.17;21.7;92.9;95.8;91.9;85.5;0.85;0.51;70.5;0;2.54;0.51;2.54;0.85;2.12;2.12;0;82.9;1.36;53.2;0.17;63.6;0.08;0;0;0.42;5
Mathys Tel;FW;Bayern Munich;17;2005;12;252;3;4.64;2.14;16.7;82.2;89.1;83.7;100;1.43;1.07;42.1;0;2.86;0.36;0;1.79;0;0.36;0;63.2;7.5;43.2;1.43;50.7;0.71;0;0.71;0.36;4.29
Tete;FW;Leicester City;22;2000;2;158;1;2.78;0.56;19;75.5;82.9;70;50;0;0;29.4;0;2.22;0.56;1.11;1.67;0.56;0;0;40;5;25.6;1.67;26.7;0;0;1.11;1.67;7.78
Luke Thomas;DF;Leicester City;21;2001;10;691;0;0.26;0;11.5;79.6;88.5;82.4;55.6;0.39;0.39;59.2;0;1.69;0.26;1.56;1.56;2.73;2.73;0;70.4;1.04;30;0.13;36.6;0.13;0;0;0.78;5.84
Youri Tielemans;MF;Leicester City;25;1997;21;1647;3;1.2;0.38;27.6;82.3;89.8;86.4;61.7;1.31;1.42;65.5;0.82;3.28;0.16;2.51;1.69;1.04;0.82;0;75.7;1.04;37.5;0.05;52.9;0.16;0;0;1.8;8.03
Souleymane Toure;DF;Marseille;19;2003;5;68;0;0;0;0;84.2;76.9;91.3;50;0;0;47.5;0;1.25;0;2.5;1.25;0;6.25;0;61.3;1.25;38.8;0;36.3;1.25;0;0;0;6.25
Kostas Tsimikas;DF;Liverpool;26;1996;13;446;0;1.4;0.4;15.5;76.7;86.8;82.9;52.3;2.6;1.2;72;4.4;3.8;0.6;1.8;1.2;1;1.8;0;84;1.8;41.4;0.8;49;0.2;0;0;11.2;4.8
Benat Turrientes;MFFW;Real Sociedad;21;2002;6;106;0;0;0;0;85.1;87;100;55.6;1.67;0;39.2;2.5;3.33;0;3.33;1.67;0;2.5;0;51.7;2.5;25;0;28.3;0;0;0;3.33;5.83
Sven Ulreich;GK;Bayern Munich;34;1988;3;270;0;0;0;0;84;100;98.1;45.7;0;0;43.7;0;0;0;0.33;0;0;0;0.33;46.3;0;32.3;0;26.7;0.33;0;0;0;1.67
Cengiz Under;MFDF;Marseille;25;1997;22;1246;1;2.75;0.8;16.7;72.3;86.5;72;48.5;1.74;1.67;42.1;2.61;3.7;0.43;1.59;0.36;0.87;0.43;0;54.6;2.9;40.1;1.45;37.7;0.14;0;0.22;5.36;5
Dayot Upamecano;DF;Bayern Munich;24;1998;19;1700;0;0.26;0.05;9.9;89.8;92.4;94.8;72.1;0.32;0.32;87.8;0;1.01;0.16;2.7;0.9;1.11;3.07;0.21;98;0.58;70.5;0.11;72.6;0.16;0;0.05;0.11;7.72
Federico Valverde;FWMF;Real Madrid;24;1998;20;1529;6;2.41;0.88;24.1;87.9;94.8;87.5;73;1.76;1.53;56.4;0;3.24;0.59;1.06;0.94;0.35;0.53;0;64.6;1.47;41.2;0.24;50.3;0.12;0;0.18;0.88;4.82
Virgil van Dijk;DF;Liverpool;31;1991;17;1485;2;1.09;0.3;12.6;89.1;93;92.7;70.7;0.12;0.12;80.3;0;0.61;0.06;0.61;0.91;1.15;4.24;0.06;89.5;0.06;54.2;0.12;64.4;0.06;0;0.06;0;5.58
Raphael Varane;DF;Manchester Utd;29;1993;17;1299;0;0.35;0.14;9.4;86.4;90.5;92.7;52.7;0.21;0.21;54.6;0;0.69;0;1.32;1.32;0.63;4.65;0;64.3;0.28;39.8;0;42.5;0.07;0;0.14;0.07;5.07
Jamie Vardy;FW;Leicester City;36;1987;22;1175;1;1.22;0.53;12.5;53;61.5;54.2;50;0.69;0.31;12.5;0;1.45;0.38;0.53;0.69;0.15;1.45;0;20.7;0.99;9.24;0.76;12.1;0.08;0;1.15;0.31;1.91
Lucas Vázquez;DF;Real Madrid;31;1991;10;426;2;1.49;0.64;20.6;87.2;93.1;86.7;69.2;1.91;2.98;74.7;0;3.62;0;2.77;1.06;0.85;0.85;0;83.8;0.85;51.3;1.28;59.8;0.21;0;0.43;3.4;5.11
Jordan Veretout;MF;Marseille;29;1993;23;1513;3;0.95;0.42;18.4;85.3;89.6;89.3;72.7;1.01;0.71;69;1.85;2.86;0.42;1.9;0.77;1.25;1.01;0.12;75.8;0.48;60.1;0.18;56.1;0.12;0;0.06;2.32;7.44
Marco Verratti;MF;Paris S-G;30;1992;17;1244;0;0.22;0.14;17.3;93.3;95;95.5;85;0.87;1.96;104.2;0;2.39;0.36;3.91;2.1;1.16;0.29;0.14;114.1;2.39;96.4;0.29;91.5;0.51;0.07;0;0.29;7.61
Gabriel Vidovic;FW;Bayern Munich;19;2003;1;19;0;0;0;0;76.9;87.5;66.7;0;10;5;65;0;10;5;0;0;0;0;0;70;0;35;0;60;0;0;0;0;15
Vitinha;FW;Marseille;22;2000;2;52;0;1.67;0;12.4;85.7;92.3;100;0;0;0;35;0;1.67;0;3.33;1.67;0;0;0;51.7;0;31.7;0;35;0;0;0;0;5
Vitinha;MF;Paris S-G;22;2000;21;1381;0;1.18;0.26;20.9;92.2;95.6;94;88;0.59;0.85;76.3;0.07;1.96;0.33;2.03;0.78;0.78;0.59;0;85;2.03;72.9;0.26;70.1;0.13;0;0;0.2;7.19
Dusan Vlahovi?;FW;Juventus;23;2000;12;953;8;3.3;1.13;15.7;71.1;77.9;79.7;64.7;1.32;0.75;18.6;0;2.64;0.28;0.66;0.57;0.09;0.38;0.09;29.5;1.7;15.8;0.85;23;0;0;1.04;0.38;2.64
Stefan de Vrij;DF;Inter;31;1992;13;1085;1;0.74;0.17;10.2;88.2;91.6;93.9;55.2;0;0;51.7;0;0.33;0;1.24;0.5;2.15;3.39;0;61.2;0.08;34.1;0;39;0.08;0;0;0;4.55
Kyle Walker;DF;Manchester City;32;1990;11;793;0;0.34;0.11;24.7;87.6;92.7;90.4;66.7;0.45;0.23;96.9;0;1.48;0.23;0.34;0.34;0.57;0.57;0;100.3;0.57;58.2;0;80.7;0.11;0;0;1.36;5.45
Aaron Wan-Bissaka;DF;Manchester Utd;25;1997;8;609;0;0.15;0;25.9;82.1;93;75;66.7;0.88;0.44;48.4;0;1.76;0.15;2.65;1.03;1.91;2.65;0;59.4;1.62;29.7;0.29;32.9;0;0;0;1.32;5.15
Paul Wanner;MF;Bayern Munich;17;2005;2;25;0;0;0;0;77.8;80;66.7;0;3.33;3.33;30;0;3.33;0;10;0;0;3.33;0;43.3;6.67;33.3;3.33;36.7;3.33;0;0;0;3.33
Danny Ward;GK;Leicester City;29;1993;22;1980;0;0;0;0;74.1;99.4;99;40.5;0;0;37;0;0.09;0;0.05;0;0;0.59;0.09;39.1;0;21.7;0;18.5;0;0;0;0;1
Wout Weghorst;FW;Manchester Utd;30;1992;4;274;0;0.67;0.33;10.1;67.7;73.2;83.3;50;1.67;0;20.7;0;3;0.33;0.67;1;1.67;1;0;29.7;0.67;14.7;0;20.3;0;0;0.67;0;4
Harvey White;MF;Tottenham;21;2001;1;5;0;0;0;0;37.5;66.7;0;33.3;0;10;80;20;0;0;0;0;0;0;0;80;0;50;0;50;0;0;0;30;0
Axel Witsel;DFMF;Atletico Madrid;34;1989;17;1251;0;0.36;0;19.2;93;95.8;94.5;72.1;0.22;0.07;55.1;0;0.94;0.14;0.94;0.86;0.86;3.31;0;62.9;0.22;39.9;0;43.5;0.14;0;0;0.14;5.04
Marius Wolf;DFFW;Dortmund;27;1995;13;691;1;1.43;0.52;19.3;75;86.7;79.9;50;1.3;1.82;54;0;2.34;0.39;1.17;2.47;1.3;1.43;0;66;2.73;37.5;0.65;42.1;0.13;0;0.39;3.64;5.32
Warren Zaire-Emery;MF;Paris S-G;16;2006;11;260;2;1.38;1.03;14;88.6;90.1;93.5;100;0;0.34;57.6;0;1.03;0.34;1.72;1.03;1.72;0.69;0;70;4.48;57.9;0.69;55.2;0;0;0.34;0;5.52
Denis Zakaria;MF;Chelsea;26;1996;4;286;0;0.63;0;16.9;89.9;93.4;97.6;80;0;0;43.1;0;0.63;0;1.25;0.63;0.63;2.5;0;50;1.88;32.2;0.63;37.2;0;0;0;0;5.63
Denis Zakaria;MF;Juventus;26;1996;2;123;0;0;0;0;84.2;90;91.7;100;0;0;27.1;0;0.71;0;4.29;1.43;1.43;0.71;0;36.4;0;19.3;0;25.7;0;0;0;2.14;3.57
Hakim Ziyech;FWMF;Chelsea;29;1993;12;511;0;1.93;0.35;20.3;62.9;87;61;35.1;1.75;2.28;53.9;2.81;3.68;0.18;3.16;0.7;0.7;0.88;0;67.9;4.39;41.6;0.53;48.2;0;0;0.53;9.47;6.14
Igor Zubeldia;DF;Real Sociedad;25;1997;16;1257;1;0.29;0.07;18.2;86.9;89.3;93.3;58.9;0.14;0.29;52.7;0;0.43;0.07;1.43;1;0.79;4.07;0;61.7;0.07;37.4;0.07;39.6;0.36;0;0;0.21;4.93
Martin Zubimendi;MF;Real Sociedad;24;1999;19;1601;1;0.28;0.11;19.1;84.2;89;89.5;61.4;0.51;0.51;53.4;0;1.29;0.22;1.97;1.24;0.96;1.85;0.17;61.3;0.56;37.1;0.06;42.5;0.34;0;0.06;0.11;6.18
